time_step,motor_speed,torque,i_d,i_q,ambient,coolant,stator_winding,stator_yoke,profile_id,pm
2897,99.98729705810548,0.1272182613611221,-2.000542879,1.0975298881530762,21.823562622070312,19.3006591796875,19.85062026977539,19.14643859863281,3,24.882587432861328
2898,99.97245025634766,0.1117169931530952,-2.00123167,1.0951939821243286,21.96106338500977,19.157379150390625,19.85062026977539,19.13164329528809,3,24.828184127807617
2899,99.99154663085938,0.1128094345331192,-2.000302315,1.0956873893737793,22.044551849365234,19.28382873535156,19.85062026977539,19.14908790588379,3,24.848339080810547
2900,100.00794219970705,0.1183573827147483,-1.999893546,1.0982551574707031,22.033039093017575,19.31399345397949,19.85062026977539,19.167449951171875,3,24.900508880615234
2901,99.98980712890624,0.1122808828949928,-1.999359608,1.099250316619873,22.04491424560547,19.300010681152344,19.85062026977539,19.11801147460937,3,24.841684341430664
2902,100.01280212402344,0.1288194954395294,-2.000689268,1.096359372138977,21.60360717773437,19.18368911743164,19.85062026977539,19.11358070373535,3,24.858243942260746
2903,100.00279998779295,0.1166107505559921,-2.001194,1.095283031463623,21.644962310791016,19.179330825805664,19.85062026977539,19.110811233520508,3,24.87553024291992
2904,99.99518585205078,0.1250044256448745,-2.000716448,1.0983352661132812,21.649768829345703,19.057079315185547,19.85062026977539,19.1197452545166,3,24.8689079284668
2905,99.99495697021484,0.1292804181575775,-2.001108885,1.095712184906006,21.646364212036133,19.180551528930664,19.85012435913086,19.11310577392578,3,24.84919166564941
2906,100.09342193603516,95.50328826904295,-39.83203888,122.58168029785156,21.459964752197266,18.907760620117188,19.849458694458008,19.095335006713867,3,24.842235565185547
2907,100.0066146850586,102.95571899414062,-43.15512466,131.6442413330078,21.79262924194336,19.223257064819336,19.85050773620605,19.10979652404785,3,24.87494659423828
2908,100.01776885986328,103.72535705566406,-43.50970078,132.61126708984375,21.970191955566406,18.9755802154541,20.01205062866211,19.101917266845703,3,24.802757263183597
2909,100.01530456542967,103.72567749023438,-43.512146,132.61767578125,21.814180374145508,19.27335357666016,21.27523231506348,19.1211051940918,3,24.81758499145508
2910,99.9796142578125,103.73169708251952,-43.51186752,132.61814880371094,21.511619567871094,18.91773796081543,21.89254379272461,19.09767341613769,3,24.86587142944336
2911,99.9752426147461,103.72740173339844,-43.51190948,132.61795043945312,21.442604064941406,18.9348087310791,22.104930877685547,19.100385665893555,3,24.840763092041016
2912,99.99967956542967,103.7144546508789,-43.51225281,132.61822509765625,21.47593116760254,19.10704803466797,22.234901428222656,19.11211204528809,3,24.848487854003903
2913,100.02369689941406,103.7146453857422,-43.51225662,132.61732482910156,21.527910232543945,19.20528984069824,22.31043815612793,19.11750221252441,3,24.853458404541016
2914,99.96845245361328,103.74034881591795,-43.51228333,132.61802673339844,21.56502342224121,19.240461349487305,22.35677146911621,19.11695098876953,3,24.86111259460449
2915,99.9878921508789,103.7259292602539,-43.51205826,132.61810302734375,21.643287658691406,19.213851928710938,22.81768035888672,19.122295379638672,3,24.873594284057617
2916,99.9699249267578,103.7148438,-43.51212311,132.61822509765625,21.681907653808597,18.995561599731445,22.91859436035156,19.110137939453125,3,24.861106872558597
2917,100.0060577392578,103.7226791381836,-43.51200104,132.6172332763672,21.838041305541992,18.9327335357666,23.027833938598636,19.13070106506348,3,24.829036712646484
2918,100.00008392333984,103.72282409667967,-43.51217651,132.61752319335938,22.071474075317383,19.20952033996582,23.23225212097168,19.110410690307617,3,24.875682830810547
2919,99.97518920898438,103.7110366821289,-43.51210785,132.6181182861328,22.058818817138672,19.24734306335449,23.262773513793945,19.117658615112305,3,24.878219604492188
2920,99.95417785644533,103.72560119628906,-43.51220703,132.61817932128906,22.157730102539062,19.074731826782227,23.412622451782227,19.17410469055176,3,24.84959602355957
2921,100.00404357910156,103.70094299316406,-43.51194,132.61785888671875,22.138338088989254,18.901430130004883,23.60672187805176,19.187238693237305,3,24.890634536743164
2922,100.01917266845705,103.71896362304688,-43.51217651,132.6177215576172,22.19503402709961,19.25849151611328,24.04088020324707,19.345935821533203,3,24.92060661315918
2923,100.02806091308594,103.7181396484375,-43.51224518,132.6182098388672,22.198915481567383,19.16539192199707,24.25812721252441,19.373363494873047,3,24.853389739990234
2924,99.97753143310548,103.71533966064452,-43.51190567,132.6181182861328,22.188682556152344,18.89650154113769,24.60172271728516,19.38532066345215,3,24.876863479614254
2925,99.97461700439452,103.71055603027344,-43.51175308,132.61827087402344,22.177032470703125,18.91947364807129,24.643217086791992,19.377336502075195,3,24.83124351501465
2926,99.98877716064452,103.71709442138672,-43.51212311,132.61807250976562,22.1854248046875,19.09856605529785,24.899070739746094,19.4376220703125,3,24.874897003173828
2927,99.98094940185548,103.70641326904295,-43.51211929,132.6181641,21.93246841430664,18.968917846679688,25.27421188354492,19.57362365722656,3,24.823322296142575
2928,99.95846557617188,103.7093505859375,-43.51186752,132.61807250976562,21.545867919921875,19.059030532836918,25.576000213623047,19.621112823486328,3,24.837541580200195
2929,100.00725555419922,103.72169494628906,-43.5122757,132.61778259277344,21.523033142089844,18.9052677154541,25.628507614135746,19.648046493530277,3,24.901824951171875
2930,100.02423095703124,103.70635986328124,-43.51146698,132.61752319335938,21.41335105895996,19.248411178588867,25.94689178466797,19.73756599426269,3,24.873016357421875
2931,100.0179443359375,103.71331024169922,-43.51202393,132.6174774169922,21.621788024902344,18.901798248291016,26.259679794311523,19.78034019470215,3,24.828466415405277
2932,99.99246215820312,103.68175506591795,-43.51227951,132.61817932128906,21.56373405456543,19.08003044128418,26.327152252197266,19.809823989868164,3,24.849607467651367
2933,99.98402404785156,103.69530487060548,-43.51184845,132.61814880371094,21.48607444763184,19.066469192504883,26.3779411315918,19.834259033203125,3,24.858184814453125
2934,100.0075912475586,103.7003936767578,-43.51168823,132.6174774169922,21.57633209228516,18.88633346557617,26.38326835632324,19.83946990966797,3,24.863874435424805
2935,99.98098754882812,103.70398712158205,-43.5117569,132.61822509765625,21.70515251159668,18.960838317871094,26.38418197631836,19.842777252197266,3,24.870445251464844
2936,100.02820587158205,103.69178009033205,-43.51225662,132.61813354492188,21.676668167114254,19.19528579711914,26.40806579589844,19.846160888671875,3,24.88292694091797
2937,99.9942626953125,103.70440673828124,-43.51182175,132.61825561523438,21.661075592041016,19.24696922302246,26.535171508789062,19.849422454833984,3,24.871660232543945
2938,99.95672607421876,103.70545196533205,-43.51173782,132.61801147460938,21.611967086791992,18.99367904663086,26.576963424682617,19.85017967224121,3,24.860933303833008
2939,99.9806671142578,103.68851470947266,-43.5118866,132.61827087402344,21.66807746887207,19.168441772460938,27.352426528930664,19.85061264038086,3,24.92085075378418
2940,99.98849487304688,103.6830596923828,-43.51163101,132.6174774169922,21.786497116088867,19.223722457885746,27.61194610595703,19.85061836242676,3,24.886938095092773
2941,100.02538299560548,103.68561553955078,-43.51218796,132.6179962158203,21.89324188232422,19.08196258544922,27.73661994934082,19.85062026977539,3,24.867286682128903
2942,99.97254943847656,103.69554901123048,-43.51193619,132.61810302734375,22.17221069335937,18.90401840209961,27.847068786621094,19.85062026977539,3,24.886859893798828
2943,100.02418518066406,103.67991638183594,-43.51194382,132.61813354492188,22.21177673339844,18.94018173217773,27.872438430786133,19.85062026977539,3,24.895082473754883
2944,99.99302673339844,103.69203186035156,-43.51190567,132.61782836914062,21.969444274902344,19.28114128112793,27.962135314941406,19.849740982055664,3,24.88589859008789
2945,99.98815155029295,103.68269348144533,-43.51180267,132.61849975585938,21.937009811401367,19.291296005249023,27.976205825805664,19.84999084472656,3,24.88432884216309
2946,99.97509766,103.68611907958984,-43.51182938,132.6182403564453,21.630470275878903,19.09031867980957,28.11598396301269,19.850608825683597,3,24.87877082824707
2947,100.01117706298828,103.68096923828124,-43.51173019,132.61752319335938,21.4317684173584,19.28325080871582,28.24845123291016,19.85062026977539,3,24.91707992553711
2948,99.99893951416016,103.69290924072266,-43.51174164,132.6174774169922,21.44859313964844,18.976072311401367,28.393821716308597,19.85062026977539,3,24.938270568847656
2949,99.98960876464844,103.6760025024414,-43.51214981,132.6174774169922,21.44155502319336,19.216447830200195,28.76359748840332,19.85062026977539,3,24.90180778503418
2950,99.99488830566406,103.68488311767578,-43.51182938,132.61785888671875,21.504150390625,19.276901245117188,28.959569931030277,19.85062026977539,3,24.90751266479492
2951,99.9754638671875,103.6772918701172,-43.51189041,132.6179656982422,21.492918014526367,19.229124069213867,28.95387840270996,19.85062026977539,3,24.90070533752441
2952,100.0064697265625,103.6880340576172,-43.51199722,132.61810302734375,21.4912166595459,18.9536247253418,28.990516662597656,19.86237907409668,3,24.89887237548828
2953,100.00886535644533,103.67294311523438,-43.51189804,132.61782836914062,21.533748626708984,19.28417015075684,29.40819358825684,19.86541175842285,3,24.92243003845215
2954,99.98365020751952,103.67945098876952,-43.51184082,132.6181182861328,21.577695846557617,19.23197364807129,29.43534278869629,19.86121940612793,3,24.91448974609375
2955,100.02252960205078,103.67042541503906,-43.51192474,132.6182861328125,21.71797561645508,19.272829055786133,29.71841049194336,19.887495040893555,3,24.94584274291992
2956,99.9915542602539,103.68286895751952,-43.51168442,132.61814880371094,21.746919631958008,19.280738830566406,29.750167846679688,19.90844345092773,3,24.936153411865234
2957,100.02754974365234,103.6578369140625,-43.51193237,132.6182403564453,21.974533081054688,19.10628318786621,29.82455825805664,19.94061851501465,3,24.96661949157715
2958,100.00629425048828,103.66133880615234,-43.51205063,132.61801147460938,21.96063232421875,19.076017379760746,29.869369506835938,20.02031707763672,3,24.9334659576416
2959,100.00743103027344,103.67466735839844,-43.51246262,132.61810302734375,21.903697967529297,19.07941436767578,29.884132385253903,20.360374450683597,3,24.920801162719727
2960,99.9874038696289,103.67565155029295,-43.5116806,132.61825561523438,21.53800773620605,19.148813247680664,30.098663330078125,20.85435485839844,3,24.929946899414062
2961,100.02281188964844,103.67528533935548,-43.51192093,132.61749267578125,21.5073356628418,19.14116477966309,30.236780166625977,21.06217384338379,3,24.92609596252441
2962,100.00270080566406,103.67719268798828,-43.51179123,132.61802673339844,21.602140426635746,19.28536033630371,30.368471145629883,21.374509811401367,3,24.975526809692383
2963,99.98853302001952,103.66594696044922,-43.51166916,132.61814880371094,22.03876495361328,19.12874984741211,30.50061798095703,21.42549133300781,3,24.960956573486328
2964,100.01599884033205,103.6675796508789,-43.51190567,132.6179656982422,22.074542999267575,19.15873336791992,30.5455322265625,21.45032501220703,3,24.95272445678711
2965,100.00420379638672,103.6640396118164,-43.51194763,132.6177215576172,22.10839080810547,19.193389892578125,30.56580924987793,21.48115539550781,3,24.95784950256348
2966,100.0210189819336,103.66893005371094,-43.5119133,132.61790466308594,22.075090408325195,19.2987003326416,30.797504425048828,21.47958374023437,3,24.944355010986328
2967,100.02851104736328,103.66423797607422,-43.51156998,132.61834716796875,21.941591262817383,19.20898438,31.17187118530273,21.645034790039062,3,25.00425910949707
2968,100.01700592041016,103.64857482910156,-43.51197052,132.6181182861328,21.882305145263672,19.200340270996094,31.1888370513916,21.66156768798828,3,25.00300025939941
2969,100.0128936767578,103.67440795898438,-43.5117836,132.61801147460938,22.150562286376957,19.311914443969727,31.332284927368164,21.808086395263672,3,24.94337272644043
2970,100.02281188964844,103.65995025634766,-43.51205444,132.6179656982422,22.221513748168945,19.266870498657227,31.339754104614254,21.88523292541504,3,25.021743774414062
2971,99.98741912841795,103.6665267944336,-43.51184845,132.61753845214844,22.38352394104004,19.27959442138672,31.380298614501957,22.156003952026367,3,25.016681671142575
2972,99.99088287353516,103.64281463623048,-43.51158142,132.61822509765625,22.36547088623047,19.292348861694336,31.386802673339844,22.186702728271484,3,25.02007293701172
2973,100.00569915771484,103.65410614013672,-43.51170349,132.61801147460938,22.329132080078125,19.29453468322754,31.379114151000977,22.219257354736328,3,25.0106201171875
2974,100.02819061279295,103.64281463623048,-43.51184082,132.6176300048828,22.301389694213867,19.30346298217773,31.38396644592285,22.218191146850582,3,24.995532989501957
2975,100.01068115234376,103.65301513671876,-43.51192093,132.61752319335938,21.989625930786133,19.30876350402832,31.45265769958496,22.24612236022949,3,25.02945709228516
2976,100.0111312866211,103.64608764648438,-43.51139832,132.61790466308594,21.79021453857422,19.17567253112793,31.45770263671875,22.270856857299805,3,24.9967098236084
2977,100.00359344482422,103.65518951416016,-43.51221085,132.61744689941406,21.661495208740234,19.135765075683597,31.72942352294922,22.331729888916016,3,25.024337768554688
2978,100.00450897216795,103.65536499023438,-43.51149368,132.617919921875,21.62617301940918,19.122509002685547,31.749610900878903,22.33278083801269,3,25.00894927978516
2979,100.00385284423828,103.64187622070312,-43.51218033,132.61801147460938,21.69561195373535,19.315919876098636,31.91276741027832,22.368701934814453,3,25.055402755737305
2980,99.9834442138672,103.64490509033205,-43.51176834,132.61807250976562,21.63487243652344,19.323827743530277,31.94584846496582,22.3980770111084,3,25.04180335998535
2981,99.99797058105467,103.6528778076172,-43.51205063,132.6176300048828,21.520977020263672,19.30579948425293,31.95985221862793,22.455360412597656,3,25.016664505004883
2982,100.02312469482422,103.63687133789062,-43.51179504,132.61773681640625,20.32953453063965,19.31821632385254,32.15431594848633,22.54154396057129,3,25.055503845214844
2983,99.96202850341795,103.6542739868164,-43.51135254,132.61825561523438,20.28976249694824,19.32514762878418,32.1626091003418,22.5428524017334,3,25.04708480834961
2984,100.01973724365234,103.63729095458984,-43.51193619,132.61810302734375,20.86937141418457,19.335412979125977,32.17304229736328,22.527400970458984,3,25.09783744812012
2985,100.01984405517578,103.6468505859375,-43.51160812,132.61793518066406,21.2081356048584,19.221323013305664,32.22812271118164,22.792953491210938,3,25.0653018951416
2986,99.98129272460938,103.64620208740234,-43.51177979,132.61813354492188,20.856765747070312,19.239803314208984,32.316375732421875,22.811264038085938,3,25.08099365234375
2987,100.01351165771484,103.64824676513672,-43.51182175,132.61807250976562,20.653623580932617,19.249107360839844,32.31407165527344,22.79415512084961,3,25.07980728149414
2988,100.00628662109376,103.6491241455078,-43.51183319,132.6182098388672,21.23534202575684,19.310890197753903,32.59128952026367,23.008377075195312,3,25.030237197875977
2989,100.0079574584961,103.65788269042967,-43.51196289,132.61740112304688,21.431001663208008,19.191574096679688,32.62969970703125,23.005247116088867,3,25.06074333190918
2990,99.96951293945312,103.65035247802734,-43.51179504,132.61805725097656,21.55150032043457,19.26322555541992,32.62409591674805,22.971614837646484,3,25.067846298217773
2991,99.97962188720705,103.64173889160156,-43.51168823,132.61817932128906,21.971355438232425,19.33138465881348,32.71723556518555,23.08915901184082,3,25.094541549682617
2992,100.0092315673828,103.64737701416016,-43.5113678,132.6181641,22.00598526000977,19.337791442871094,32.7191276550293,23.084596633911133,3,25.10645866394043
2993,99.96589660644533,103.6430435180664,-43.51152039,132.61819458007812,22.141111373901367,19.321762084960938,32.8065185546875,23.135417938232425,3,25.09870338439941
2994,100.00691223144533,103.64942932128906,-43.51195145,132.61814880371094,21.998666763305664,19.190038681030277,32.83391189575195,23.14507102966309,3,25.05275154113769
2995,100.01828002929688,103.6312484741211,-43.51164246,132.61807250976562,21.96722221374512,19.27094841003418,32.93431854248047,23.13789367675781,3,25.08775520324707
2996,99.98885345458984,103.6166000366211,-43.51160049,132.61814880371094,21.83588409423828,19.298587799072266,32.94952774047852,23.15133285522461,3,25.101343154907227
2997,100.00774383544922,103.6345672607422,-43.51181412,132.61781311035156,21.7103271484375,19.23437118530273,33.00273132324219,23.15396881103516,3,25.08963394165039
2998,99.9773406982422,103.63487243652344,-43.51126862,132.6180877685547,21.53881454467773,19.272655487060547,33.114532470703125,23.15881729125977,3,25.10194396972656
2999,100.02071380615234,103.63029479980467,-43.51154709,132.61785888671875,21.46629905700684,19.23586654663086,33.25910949707031,23.20663070678711,3,25.159297943115234
3000,99.99888610839844,103.6178207397461,-43.51212311,132.6176300048828,21.618064880371094,19.208459854125977,33.25532531738281,23.20487594604492,3,25.185203552246094
3001,100.01277923583984,103.62142181396484,-43.51172256,132.61807250976562,21.657943725585938,19.239091873168945,33.303184509277344,23.210346221923828,3,25.178733825683597
3002,100.0052261352539,103.6208953857422,-43.51192856,132.6178741455078,21.63703727722168,19.332670211791992,33.35829162597656,23.23326301574707,3,25.15241050720215
3003,100.0294418334961,103.62435913085938,-43.51210403,132.61753845214844,21.606964111328125,19.337064743041992,33.40025329589844,23.24027442932129,3,25.15632438659668
3004,100.0316925048828,103.634033203125,-43.51198578,132.6175537109375,21.60772132873535,19.20417213439941,33.476985931396484,23.306808471679688,3,25.20290756225586
3005,99.96340942382812,103.63484954833984,-43.5116539,132.61778259277344,21.62904357910156,19.232789993286133,33.49576950073242,23.32211303710937,3,25.181285858154297
3006,100.02152252197266,103.62407684326172,-43.51163101,132.61802673339844,21.6641845703125,19.315580368041992,33.60874938964844,23.346973419189453,3,25.14354133605957
3007,99.9477767944336,103.61898803710938,-43.51125717,132.61793518066406,21.63316535949707,19.181346893310547,33.7223014831543,23.492794036865234,3,25.193693161010746
3008,99.991943359375,103.621337890625,-43.51166534,132.61776733398438,21.776874542236328,19.14991569519043,33.73527526855469,23.47839736938477,3,25.204345703125
3009,100.00416564941406,103.63720703125,-43.51177597,132.61778259277344,21.59073829650879,19.15896415710449,33.83458709716797,23.537078857421875,3,25.18730354309082
3010,100.0036392211914,103.62761688232422,-43.51163101,132.61766052246094,21.61021041870117,19.164899826049805,33.86793899536133,23.53353881835937,3,25.19468879699707
3011,99.96730041503906,103.63237762451172,-43.51148605,132.6178741455078,21.892732620239254,19.333574295043945,34.04592514038086,23.568452835083008,3,25.21725845336914
3012,100.02540588378906,103.63042449951172,-43.51202011,132.61764526367188,21.973920822143555,19.30669403076172,34.18365859985352,23.661760330200195,3,25.23337173461914
3013,100.0208969116211,103.62020111083984,-43.51166153,132.61764526367188,21.670164108276367,19.29975128173828,34.23941421508789,23.669795989990234,3,25.23503303527832
3014,100.02021026611328,103.61370849609376,-43.51176071,132.61746215820312,21.943058013916016,19.210840225219727,34.33750534057617,23.756607055664062,3,25.20354461669922
3015,99.99877166748048,103.60777282714844,-43.51133347,132.6176300048828,21.690902709960938,19.28894805908203,34.39093399047852,23.76338005065918,3,25.232288360595703
3016,100.00347900390624,103.6074447631836,-43.51144791,132.61782836914062,21.834487915039062,19.31983757019043,34.478755950927734,23.733285903930664,3,25.22129821777344
3017,99.96121978759766,103.6114501953125,-43.51119232,132.6179656982422,21.746417999267575,19.249704360961918,34.477294921875,23.75038146972656,3,25.249046325683597
3018,99.9881591796875,103.5964813232422,-43.51141357,132.61805725097656,21.54223251342773,19.294267654418945,34.522979736328125,23.887680053710938,3,25.24673843383789
3019,100.01570892333984,103.596923828125,-43.5115509,132.61778259277344,21.52342987060547,19.32505416870117,34.54931641,23.86466789245605,3,25.246746063232425
3020,99.98346710205078,103.59683227539062,-43.51141739,132.61785888671875,21.53455924987793,19.209333419799805,34.582733154296875,23.90248107910156,3,25.26953887939453
3021,100.01527404785156,103.59889221191406,-43.51240158,132.61737060546875,21.5100040435791,19.12621307373047,34.592079162597656,23.918550491333008,3,25.27653312683105
3022,99.96810150146484,103.6030731201172,-43.51145172,132.61805725097656,21.51327896118164,19.098976135253903,34.58053207397461,23.917116165161133,3,25.289512634277344
3023,100.0135269165039,103.59310150146484,-43.51183319,132.6177978515625,21.526573181152344,19.095029830932617,34.58159255981445,23.91392135620117,3,25.30430221557617
3024,100.0071029663086,103.59326934814452,-43.5120697,132.61770629882812,21.55164909362793,19.199848175048828,34.599693298339844,23.93881607055664,3,25.30155372619629
3025,100.00591278076172,103.60149383544922,-43.51189423,132.6174774169922,21.55272483825684,19.2979679107666,34.75761413574219,23.944141387939453,3,25.328407287597656
3026,99.98401641845705,103.59611511230467,-43.51150131,132.61795043945312,21.495141983032227,19.31635284423828,34.994483947753906,24.202598571777344,3,25.269376754760746
3027,99.99791717529295,103.5990982055664,-43.51156235,132.6178741455078,21.50779914855957,19.313047409057617,34.95478439331055,24.24856376647949,3,25.28419303894043
3028,99.96501159667967,103.5872039794922,-43.51132584,132.61793518066406,21.5067081451416,19.243446350097656,34.90181350708008,24.25825309753418,3,25.28852844238281
3029,99.97742462158205,103.59138488769533,-43.5112648,132.61785888671875,21.51267433166504,19.125537872314453,35.036041259765625,24.16384506225586,3,25.306760787963867
3030,100.01913452148438,103.5872802734375,-43.51213455,132.61773681640625,21.427663803100582,19.139694213867188,35.23737335205078,24.341705322265625,3,25.337621688842773
3031,100.00334930419922,103.60633850097656,-43.51155853,132.61782836914062,21.725669860839844,19.305503845214844,35.47949981689453,24.69576072692871,3,25.382244110107425
3032,99.98324584960938,103.59774017333984,-43.51140213,132.61790466308594,21.82837677001953,19.273874282836918,35.52855682373047,24.734752655029297,3,25.38722801208496
3033,100.01239776611328,103.60169982910156,-43.51147842,132.61770629882812,21.769723892211918,19.29316520690918,35.555477142333984,24.73440361022949,3,25.38983726501465
3034,99.98182678222656,103.59925842285156,-43.51120758,132.61793518066406,21.527183532714844,19.06470489501953,35.62575912475586,24.737689971923828,3,25.40003204345703
3035,99.97118377685548,103.57975769042967,-43.51098251,132.61802673339844,21.794958114624023,19.196239471435547,35.77662658691406,24.783130645751957,3,25.41776466369629
3036,99.98675537109376,103.60861206054688,-43.5112915,132.61793518066406,21.918367385864254,19.280109405517575,35.73994445800781,24.75690269470215,3,25.4144344329834
3037,100.01821899414062,103.59750366210938,-43.51173401,132.6175079345703,21.996232986450195,19.26884651184082,35.80472946166992,24.758745193481445,3,25.432472229003903
3038,100.00093841552734,103.58740997314452,-43.51135635,132.61790466308594,21.95589637756348,19.206640243530277,35.82756423950195,24.76810073852539,3,25.44297981262207
3039,100.00131225585938,103.60211181640624,-43.51178741,132.61776733398438,21.93684196472168,19.1290225982666,35.8300895690918,24.775415420532227,3,25.429468154907227
3040,100.03329467773438,103.60567474365234,-43.51239395,132.61721801757812,21.921220779418945,18.96733856201172,35.8585090637207,24.784326553344727,3,25.424976348876957
3041,99.9743194580078,103.5838394165039,-43.51121902,132.61790466308594,21.776935577392575,19.10981750488281,35.8534049987793,24.792743682861328,3,25.363449096679688
3042,99.96490478515624,103.5953369140625,-43.5110321,132.61788940429688,21.496559143066406,19.29891967773437,35.88805389404297,24.77288055419922,3,25.392009735107425
3043,99.9829330444336,103.5963363647461,-43.51105118,132.61801147460938,21.593957901000977,19.31315040588379,35.86751937866211,24.79676055908203,3,25.421260833740234
3044,100.01473999023438,103.59021759033205,-43.51215363,132.6174774169922,21.66183090209961,19.1965274810791,35.872528076171875,24.80937767028809,3,25.41676902770996
3045,100.03184509277344,103.5933837890625,-43.51234436,132.6175079345703,21.67218399047852,18.98127174377441,35.954063415527344,24.805892944335938,3,25.43868064880371
3046,99.9750518798828,103.5796890258789,-43.51111984,132.6179962158203,21.93705940246582,19.22006225585937,36.0064697265625,24.80965614318848,3,25.453990936279297
3047,100.01622772216795,103.58494567871094,-43.51188278,132.6177978515625,21.957077026367188,19.25284576416016,36.01112747192383,24.809127807617188,3,25.45475959777832
3048,100.01158142089844,103.59320831298828,-43.51171112,132.61740112304688,21.47623062133789,18.93130874633789,36.03470230102539,24.810565948486328,3,25.439350128173828
3049,99.99948120117188,103.59156036376952,-43.51187134,132.61782836914062,21.506649017333984,18.92198371887207,36.07704925537109,24.81048583984375,3,25.426307678222656
3050,100.02991485595705,103.59180450439452,-43.51191711,132.6173095703125,21.510351181030277,18.955551147460938,36.057376861572266,24.813316345214844,3,25.444374084472656
3051,99.9747314453125,103.6103973388672,-43.51107025,132.6180419921875,21.54135513305664,18.98936462402344,36.07619857788086,24.817344665527344,3,25.464370727539062
3052,100.02216339111328,103.58679962158205,-43.51214218,132.61749267578125,21.733585357666016,19.2534122467041,36.02383804321289,24.80950355529785,3,25.485252380371094
3053,100.0031280517578,103.60668182373048,-43.51150513,132.61793518066406,21.74417495727539,19.09195899963379,36.08865737915039,24.80936622619629,3,25.456918716430664
3054,100.01405334472656,103.57310485839844,-43.51221466,132.61769104003906,21.688722610473636,18.947959899902344,36.10161590576172,24.81694793701172,3,25.43277740478516
3055,99.98651123046876,103.58887481689452,-43.5115242,132.61749267578125,21.665870666503903,18.959014892578125,36.1023063659668,24.823699951171875,3,25.458784103393555
3056,100.00206756591795,103.60272216796876,-43.51163101,132.61778259277344,21.94585227966309,19.266162872314453,36.14806365966797,24.82261276245117,3,25.491193771362305
3057,99.9659194946289,103.60826110839844,-43.5110817,132.61782836914062,22.22471618652344,18.95838737487793,36.20104217529297,24.84703063964844,3,25.525711059570312
3058,100.04314422607422,103.57119750976562,-43.51194763,132.61740112304688,22.25893211364746,19.015640258789062,36.18017959594727,24.885217666625977,3,25.463327407836918
3059,99.96034240722656,103.57720947265624,-43.51097488,132.61788940429688,22.109018325805664,19.2401065826416,36.19556427001953,24.893089294433597,3,25.496124267578125
3060,100.0251007080078,103.58069610595705,-43.51177597,132.61741638183594,22.16986656188965,19.29232406616211,36.37057495117188,24.93903541564941,3,25.538816452026367
3061,100.00422668457033,103.56705474853516,-43.5115509,132.61766052246094,22.18736457824707,19.11671638488769,36.38098907470703,24.955476760864254,3,25.51116371154785
3062,99.98377227783205,103.5821304321289,-43.51101685,132.61813354492188,21.96055603027344,19.201520919799805,36.38294982910156,24.95587921142578,3,25.54654884338379
3063,100.0074462890625,103.58145904541016,-43.51145172,132.61770629882812,21.862201690673828,19.23424530029297,36.37152862548828,24.98162269592285,3,25.554893493652344
3064,100.02305603027344,103.5854034423828,-43.51181412,132.61764526367188,21.70083236694336,19.30143547058105,36.3568000793457,25.02137756347656,3,25.55956649780273
3065,100.00967407226562,103.55925750732422,-43.51166153,132.61793518066406,21.96936416625977,19.031896591186523,36.4009895324707,25.03420066833496,3,25.535175323486328
3066,99.96465301513672,103.58885192871094,-43.51072693,132.61825561523438,21.75,19.139589309692383,36.41594696044922,25.027313232421875,3,25.57119369506836
3067,100.01560974121094,103.57245635986328,-43.51171875,132.61785888671875,21.680145263671875,19.180810928344727,36.42681884765625,25.02092170715332,3,25.581218719482425
3068,99.99663543701172,103.58602142333984,-43.51177597,132.61767578125,21.457609176635746,19.307954788208008,36.39087677001953,25.0285701751709,3,25.575050354003903
3069,100.01251220703124,103.56333923339844,-43.51180649,132.6177520751953,21.44771194458008,19.177602767944336,36.43847656,25.07537841796875,3,25.568161010742188
3070,99.97454833984376,103.5693359,-43.510952,132.61790466308594,21.421955108642575,19.035926818847656,36.43795776367188,25.072132110595703,3,25.575092315673828
3071,100.00955963134766,103.56620025634766,-43.51169586,132.61764526367188,21.396045684814453,18.962379455566406,36.44998550415039,25.07909774780273,3,25.594554901123047
3072,100.01461791992188,103.56658935546876,-43.51180649,132.61766052246094,21.41395378112793,19.0683708190918,36.449462890625,25.07964134216309,3,25.606407165527344
3073,100.02071380615234,103.56145477294922,-43.51169968,132.6177215576172,21.357860565185547,19.196348190307617,36.44978713989258,25.09461975097656,3,25.62089157104492
3074,99.99497985839844,103.56639862060548,-43.51116562,132.6178436279297,21.38991928100586,19.265369415283203,36.49068069458008,25.12933349609375,3,25.574487686157227
3075,100.00585174560548,103.5769271850586,-43.51133347,132.6178741455078,21.42839813232422,19.031599044799805,36.43614959716797,25.137168884277344,3,25.58300399780273
3076,99.97687530517578,103.56128692626952,-43.51094055,132.61790466308594,21.550966262817383,18.93174171447754,36.4825439453125,25.1995792388916,3,25.59922409057617
3077,100.01398468017578,103.55657196044922,-43.51161575,132.6177978515625,21.637157440185547,18.94949531555176,36.49803924560547,25.198917388916016,3,25.606977462768555
3078,99.99111938476562,103.56108856201172,-43.51165009,132.61756896972656,21.710548400878903,18.978076934814453,36.48145294189453,25.19439125061035,3,25.60679054260254
3079,99.99723052978516,103.59284210205078,-43.51152039,132.61773681640625,21.717565536499023,19.23754501342773,36.49441146850586,25.153627395629883,3,25.649656295776367
3080,99.96289063,103.56927490234376,-43.5107193,132.6180877685547,21.80043029785156,19.280170440673828,36.48656845092773,25.18871307373047,3,25.631113052368164
3081,99.97791290283205,103.5556411743164,-43.51118469,132.6179962158203,21.786699295043945,19.282968521118164,36.53066253662109,25.2288761138916,3,25.622478485107425
3082,100.0089340209961,103.55733489990234,-43.51179504,132.61776733398438,21.805635452270508,19.22325897216797,36.53960037231445,25.237964630126957,3,25.61927032470703
3083,100.00116729736328,103.5528564453125,-43.51185226,132.61778259277344,21.835641860961918,19.13094520568848,36.555755615234375,25.240741729736328,3,25.60700416564941
3084,100.01535034179688,103.60237884521484,-43.51148605,132.61767578125,21.963682174682617,19.21720695495605,36.55461883544922,25.24315452575684,3,25.63148498535156
3085,100.00456237792967,103.57188415527344,-43.51192093,132.61761474609375,21.96953773498535,19.28171730041504,36.548709869384766,25.261913299560547,3,25.590824127197266
3086,100.00904846191406,103.57592010498048,-43.51172256,132.6179656982422,21.95437812805176,19.294511795043945,36.58636474609375,25.256919860839844,3,25.59434127807617
3087,99.96703338623048,103.5617446899414,-43.5110054,132.61793518066406,21.91565322875977,19.211400985717773,36.62222671508789,25.27570343017578,3,25.62424087524414
3088,99.97531127929688,103.57537841796876,-43.51074219,132.617919921875,21.959455490112305,19.003084182739254,36.69232177734375,25.27178955078125,3,25.602975845336918
3089,100.00652313232422,103.5618896484375,-43.51145172,132.6178741455078,21.92271041870117,18.97173309326172,36.68593215942383,25.26909828186035,3,25.622812271118164
3090,99.99986267089844,103.56185913085938,-43.51157761,132.617919921875,21.93888092041016,19.30848693847656,36.66814422607422,25.25671768188477,3,25.6979923248291
3091,99.97461700439452,103.5339813232422,-43.51086044,132.61807250976562,21.9084587097168,18.9888858795166,36.65684127807617,25.24346160888672,3,25.64506721496582
3092,99.969970703125,103.52094268798828,-43.51101685,132.61782836914062,21.89167594909668,19.14846992492676,36.678592681884766,25.25752830505371,3,25.714157104492188
3093,99.96054077148438,103.53727722167967,-43.51074982,132.6179656982422,21.8732967376709,19.3082218170166,36.710784912109375,25.25148582458496,3,25.678672790527344
3094,100.01476287841795,103.5069351196289,-43.51131439,132.6178741455078,21.840272903442383,19.205957412719727,36.72201919555664,25.234811782836918,3,25.68892288208008
3095,100.02029418945312,103.50023651123048,-43.51150513,132.61805725097656,21.57204818725586,18.92141532897949,36.71873092651367,25.280765533447266,3,25.66419792175293
3096,100.01651000976562,103.5141372680664,-43.51181412,132.61770629882812,21.61935043334961,19.28777885437012,36.81266403198242,25.25591468811035,3,25.68014907836914
3097,100.02091217041016,103.49612426757812,-43.51163864,132.6178436279297,21.623674392700195,18.91565704345703,36.87820816040039,25.23690414428711,3,25.70841217041016
3098,100.02328491210938,103.48810577392578,-43.5115242,132.61782836914062,21.52661895751953,19.234542846679688,36.9892692565918,25.317123413085938,3,25.668590545654297
3099,100.02845764160156,103.49937438964844,-43.51193237,132.61782836914062,21.594362258911133,19.23335838317871,36.90353012084961,25.3310489654541,3,25.73930931091309
3100,99.99554443359376,103.49813842773438,-43.51143646,132.61788940429688,21.963415145874023,19.121562957763672,36.96947479248047,25.30702209472656,3,25.70818901062012
3101,100.01519775390624,103.48763275146484,-43.51147079,132.61795043945312,21.95979118347168,19.079315185546875,37.00751876831055,25.46402740478516,3,25.76375961303711
3102,100.0170669555664,103.48077392578124,-43.51183701,132.6174774169922,21.91080093383789,19.100210189819336,36.99922561645508,25.45213890075684,3,25.765235900878903
3103,100.0093231201172,103.4823989868164,-43.51128006,132.617919921875,21.523420333862305,19.30852508544922,37.017860412597656,25.5245304107666,3,25.79014205932617
3104,99.99964904785156,103.48448944091795,-43.51150894,132.6178436279297,21.593828201293945,19.145414352416992,37.102294921875,25.507238388061523,3,25.79339599609375
3105,100.02750396728516,103.4877700805664,-43.51189804,132.61778259277344,21.61288452148437,19.05837631225586,37.098968505859375,25.489416122436523,3,25.8129940032959
3106,99.9749984741211,103.50707244873048,-43.51094818,132.617919921875,21.588916778564453,18.999008178710938,37.05606842041016,25.491226196289062,3,25.812992095947266
3107,100.0355224609375,103.496826171875,-43.51187515,132.61741638183594,21.45984268188477,18.98287010192871,37.09267807006836,25.61264419555664,3,25.75640106201172
3108,99.96314239501952,103.51282501220705,-43.51070023,132.617919921875,21.50343513488769,19.294334411621094,37.11112594604492,25.62509536743164,3,25.78551483154297
3109,100.02005767822266,103.50788879394533,-43.51122665,132.6178741455078,21.49795150756836,19.237037658691406,37.12362289428711,25.62077522277832,3,25.78488540649414
3110,99.98263549804688,103.51141357421876,-43.51112366,132.6177520751953,21.543472290039062,19.164819717407227,37.10862731933594,25.6201114654541,3,25.781280517578125
3111,100.01588439941406,103.4991683959961,-43.51169968,132.61761474609375,21.513614654541016,19.249143600463867,37.12623596191406,25.61331367492676,3,25.80665397644043
3112,99.98019409179688,103.51034545898438,-43.51088715,132.6179656982422,21.50125503540039,19.30936622619629,37.2145881652832,25.6103572845459,3,25.81016731262207
3113,100.01792907714844,103.51325988769533,-43.51158524,132.6175994873047,21.28481674194336,19.09734535217285,37.2715072631836,25.624107360839844,3,25.812885284423828
3114,99.96382904052734,103.50181579589844,-43.51136017,132.617919921875,21.58596420288086,19.317676544189453,37.36792755126953,25.616003036499023,3,25.83043670654297
3115,100.04077911376952,103.50456237792967,-43.51196671,132.61761474609375,21.621734619140625,19.20452690124512,37.406551361083984,25.638429641723636,3,25.83260726928711
3116,100.01598358154295,103.51040649414062,-43.51163101,132.61773681640625,21.594501495361328,19.040512084960938,37.46774673461914,25.65168190002441,3,25.85287857055664
3117,100.00724792480467,103.50606536865234,-43.5113678,132.61773681640625,21.607881546020508,19.076629638671875,37.465213775634766,25.631855010986328,3,25.79846572875977
3118,100.02323150634766,103.50853729248048,-43.51144791,132.61802673339844,21.81540298461914,19.188344955444336,37.39132690429688,25.67844581604004,3,25.867074966430664
3119,100.00515747070312,103.52864837646484,-43.51115799,132.6178436279297,21.893037796020508,18.9642391204834,37.5001335144043,25.63316345214844,3,25.899991989135746
3120,100.0124282836914,103.5273666381836,-43.51147079,132.6178741455078,21.48024559020996,19.278718948364254,37.616241455078125,25.672229766845703,3,25.90194702148437
3121,99.9783172607422,103.5300064086914,-43.51091385,132.61766052246094,21.4975528717041,19.307621002197266,37.6231689453125,25.72055053710937,3,25.89151763916016
3122,100.03620910644533,103.52340698242188,-43.51183319,132.61776733398438,21.51945304870605,19.03098487854004,37.560035705566406,25.739112854003903,3,25.840072631835938
3123,99.99725341796876,103.51560974121094,-43.51097107,132.61807250976562,21.66459083557129,19.099828720092773,37.52336883544922,25.737573623657227,3,25.884355545043945
3124,100.01081848144533,103.52632904052734,-43.51107407,132.6178436279297,22.013578414916992,19.016340255737305,37.47383117675781,25.74783134460449,3,25.862388610839844
3125,100.02288818359376,103.5407943725586,-43.51153183,132.61770629882812,22.14481735229492,18.96877861022949,37.50690460205078,25.83779525756836,3,25.85310173034668
3126,100.0209732055664,103.5230484008789,-43.51120377,132.61801147460938,21.96717643737793,19.14944267272949,37.581050872802734,25.83673095703125,3,25.912153244018555
3127,100.02405548095705,103.5358657836914,-43.5115509,132.6177520751953,21.65070533752441,18.94680404663086,37.62587738037109,25.83938789367676,3,25.918031692504883
3128,100.04346466064452,103.54937744140624,-43.51161194,132.61776733398438,21.507221221923828,19.17512321472168,37.81409454345703,25.874876022338867,3,26.017807006835938
3129,100.0190200805664,103.55447387695312,-43.51181412,132.61758422851562,21.536251068115234,18.915515899658203,37.84129333496094,25.87994956970215,3,25.985017776489254
3130,99.98388672,103.54449462890624,-43.51096725,132.6178436279297,21.536901473999023,18.940868377685547,37.83781814575195,25.87634658813477,3,25.995737075805664
3131,99.99523162841795,103.55158996582033,-43.51145554,132.61782836914062,21.89112663269043,19.2830810546875,37.79600143432617,25.88556480407715,3,25.936378479003903
3132,100.0423583984375,103.53887939453124,-43.51129913,132.6174774169922,21.91465759277344,19.299882888793945,37.82242965698242,25.875638961791992,3,25.94219207763672
3133,100.00638580322266,103.56982421875,-43.51108551,132.617919921875,21.66954040527344,19.2441463470459,37.84015655517578,25.863061904907227,3,26.03191566467285
3134,100.00595092773438,103.56746673583984,-43.51129913,132.617919921875,21.540267944335938,19.23614501953125,37.85039520263672,25.86954116821289,3,25.971588134765625
3135,99.9611358642578,103.5799789428711,-43.51116943,132.61753845214844,21.697019577026367,18.93939018249512,37.86286926269531,25.864978790283203,3,26.039161682128903
3136,100.0153579711914,103.56940460205078,-43.51118469,132.61798095703125,20.67058563232422,19.09994506835937,37.82547378540039,25.884973526000977,3,26.008060455322266
3137,99.9852066040039,103.56803894042967,-43.51125336,132.61764526367188,20.71677017211914,18.93172645568848,37.82722091674805,25.886882781982425,3,26.005735397338867
3138,99.96891021728516,103.5769500732422,-43.5109787,132.61761474609375,20.609006881713867,18.978656768798828,37.85311508178711,25.873477935791016,3,26.033367156982425
3139,100.00867462158205,103.5762176513672,-43.51198578,132.61761474609375,20.810731887817383,19.236940383911133,37.86541748046875,25.87455940246582,3,26.080602645874023
3140,99.99563598632812,103.57622528076172,-43.51143646,132.6178436279297,21.499908447265625,18.98733329772949,37.88906097412109,25.86986923217773,3,26.08187294006348
3141,100.01358795166016,103.5753936767578,-43.5112381,132.6178741455078,21.560657501220703,19.11894798278809,37.91166687011719,25.937908172607425,3,26.103837966918945
3142,100.04088592529295,103.56890869140624,-43.51146317,132.6178436279297,21.52728080749512,19.27283477783203,37.92305755615234,25.96943664550781,3,26.02606773376465
3143,100.02440643310548,103.56690979003906,-43.51154709,132.61795043945312,21.98224258422852,19.292224884033203,37.9087028503418,25.90860366821289,3,26.09659194946289
3144,100.0209503173828,103.56446075439452,-43.51157379,132.61767578125,21.823041915893555,18.966840744018555,37.93364715576172,25.94967269897461,3,26.1048641204834
3145,100.00946807861328,103.56969451904295,-43.51150894,132.61793518066406,21.85679244995117,18.93180274963379,37.9373664855957,25.97870445251465,3,26.07008934020996
3146,100.00020599365234,103.58460998535156,-43.51167679,132.6178741455078,21.9343376159668,19.09712028503418,37.94868850708008,25.98517417907715,3,26.085857391357425
3147,99.97459411621094,103.59500885009766,-43.51121521,132.61752319335938,21.99073600769043,19.194236755371094,37.95466995239258,25.96878433227539,3,26.076398849487305
3148,99.99329376220705,103.5776824951172,-43.51141357,132.6177520751953,22.003875732421875,19.23611068725586,37.99428939819336,25.989782333374023,3,26.11256980895996
3149,99.97453308105467,103.58645629882812,-43.51111603,132.61749267578125,21.816974639892575,19.309444427490234,37.93020248413086,25.999874114990234,3,26.10228538513184
3150,99.98790740966795,103.55779266357422,-43.51131821,132.6175994873047,21.587623596191406,19.12140655517578,37.95823669433594,25.992048263549805,3,26.14617156982422
3151,100.00062561035156,103.58008575439452,-43.51184845,132.61770629882812,21.507295608520508,19.074750900268555,37.96812438964844,25.995256423950195,3,26.16245651245117
3152,99.9743194580078,103.56907653808594,-43.51119232,132.6175079345703,21.38579368591309,18.975845336914062,37.99351501464844,26.01024627685547,3,26.189083099365234
3153,99.96549224853516,103.56787109375,-43.51119614,132.61749267578125,21.47025489807129,19.28535842895508,37.95179748535156,26.01039695739746,3,26.12886619567871
3154,100.01417541503906,103.5506820678711,-43.51257324,132.61764526367188,21.615800857543945,18.96396827697754,37.931671142578125,26.00702667236328,3,26.18239402770996
3155,100.01033020019533,103.56909942626952,-43.51161575,132.6177520751953,21.65384101867676,19.00093078613281,37.96622467041016,25.995031356811523,3,26.11419486999512
3156,99.9791488647461,103.56902313232422,-43.51110077,132.61758422851562,21.593425750732425,19.25223922729492,37.9425163269043,26.001155853271484,3,26.12023162841797
3157,99.99288177490234,103.5481948852539,-43.51132202,132.61756896972656,21.549457550048828,19.3201961517334,37.9721794128418,26.000274658203125,3,26.18604278564453
3158,99.95240783691406,103.55554962158205,-43.51137543,132.617431640625,21.61923599243164,19.1750602722168,37.959869384765625,25.990053176879883,3,26.1737003326416
3159,99.99061584472656,103.52558135986328,-43.51131821,132.61753845214844,21.595916748046875,19.00187492370605,37.93352890014648,26.00365447998047,3,26.155696868896484
3160,100.00950622558594,103.5277328491211,-43.51210785,132.61766052246094,21.565563201904297,19.016489028930664,37.93024444580078,25.998748779296875,3,26.139301300048828
3161,99.97152709960938,103.52278900146484,-43.51131058,132.6175079345703,21.534048080444336,19.05660629272461,37.94059753417969,26.00387382507324,3,26.156782150268555
3162,99.9867935180664,103.53421783447266,-43.51132202,132.617431640625,21.59152603149414,19.31496810913086,37.954864501953125,25.997364044189453,3,26.16679954528809
3163,100.02708435058594,103.5613021850586,-43.51144409,132.61770629882812,21.678041458129883,19.25621795654297,38.0136947631836,26.013303756713867,3,26.18202018737793
3164,99.9744644165039,103.54782104492188,-43.51144028,132.61729431152344,21.668745040893555,19.21675682067871,38.01621627807617,26.01916885375977,3,26.16601563
3165,100.0120849609375,103.53681182861328,-43.51177979,132.6179656982422,21.68616485595703,19.343101501464844,38.04577255249024,26.00141906738281,3,26.20243453979492
3166,99.96255493164062,103.5406265258789,-43.51128769,132.61744689941406,21.663434982299805,19.341949462890625,38.04795455932617,25.9826774597168,3,26.20587730407715
3167,99.97615814208984,103.5423583984375,-43.51132584,132.617431640625,21.516746520996094,19.16771125793457,38.05697250366211,25.995798110961918,3,26.20594787597656
3168,100.01853942871094,103.53446197509766,-43.51182938,132.61782836914062,21.306480407714844,19.104759216308597,38.08237457275391,26.030841827392575,3,26.20261001586914
3169,99.99530792236328,103.51918029785156,-43.51201248,132.6175537109375,21.81637191772461,19.315231323242188,38.053688049316406,26.05396842956543,3,26.257221221923828
3170,100.01506805419922,103.50553894042967,-43.51159668,132.61769104003906,21.963871002197266,19.343141555786133,38.06047058105469,26.131122589111328,3,26.266189575195312
3171,99.9763641357422,103.4852066040039,-43.51108932,132.61756896972656,22.07151222229004,19.137752532958984,38.099830627441406,26.118310928344727,3,26.31026077270508
3172,99.99771881103516,103.48526000976562,-43.51133347,132.6174774169922,21.73422622680664,19.291166305541992,38.01632690429688,26.10097312927246,3,26.236669540405277
3173,99.99452209472656,103.48385620117188,-43.51110077,132.61781311035156,21.84875869750977,19.339006423950195,38.05674362182617,26.1186580657959,3,26.33012008666992
3174,100.0022201538086,103.49430084228516,-43.51203918,132.61782836914062,21.921180725097656,19.31278610229492,38.06518173217773,26.10210609436035,3,26.301416397094727
3175,100.01158142089844,103.4951629638672,-43.51231384,132.6175079345703,21.516965866088867,19.28636932373047,38.06604766845703,26.15774917602539,3,26.260522842407227
3176,100.00177764892578,103.49404907226562,-43.51215363,132.61769104003906,21.527795791625977,19.34035301208496,38.11150360107422,26.154056549072266,3,26.312026977539062
3177,100.0376205444336,103.49085998535156,-43.51222229,132.61782836914062,21.572433471679688,19.279863357543945,38.08087158203125,26.15143585205078,3,26.318042755126957
3178,100.00253295898438,103.48297882080078,-43.51222229,132.61769104003906,21.832372665405277,19.19272804260254,38.123138427734375,26.10862922668457,3,26.351770401000977
3179,99.97634887695312,103.4822235107422,-43.51150894,132.61732482910156,21.876859664916992,19.24469947814941,38.12881088256836,26.111204147338867,3,26.323875427246094
3180,100.00172424316406,103.48880004882812,-43.51200104,132.61761474609375,21.84333229064941,19.34992408752441,38.07799911499024,26.152807235717773,3,26.305612564086918
3181,99.98233795166016,103.49644470214844,-43.51133728,132.61732482910156,21.57699584960937,19.199113845825195,38.14983367919922,26.1469783782959,3,26.311328887939453
3182,100.0195541381836,103.492919921875,-43.51198959,132.6177215576172,21.65407371520996,19.219667434692383,38.16031646728516,26.152774810791016,3,26.30740737915039
3183,100.00666046142578,103.49044799804688,-43.51145172,132.61785888671875,21.79495620727539,19.291837692260746,38.19205474853516,26.146944046020508,3,26.329286575317383
3184,100.01251220703124,103.48004150390624,-43.51218033,132.61758422851562,21.90616226196289,19.27002716064453,38.19573593139648,26.16332244873047,3,26.356460571289062
3185,99.9868392944336,103.46985626220705,-43.51139832,132.61741638183594,21.970094680786133,19.33920288085937,38.14741897583008,26.16046714782715,3,26.375476837158203
3186,100.0108413696289,103.4894561767578,-43.51210785,132.61756896972656,22.0334415435791,19.26809310913086,38.16651153564453,26.156543731689453,3,26.39234733581543
3187,99.98323059082033,103.48400115966795,-43.51139069,132.61741638183594,22.042160034179688,19.286380767822266,38.21934509277344,26.145431518554688,3,26.39878463745117
3188,99.9678192138672,103.47557067871094,-43.51119232,132.61753845214844,22.075159072875977,19.323381423950195,38.265869140625,26.160001754760746,3,26.439638137817383
3189,100.00605010986328,103.48655700683594,-43.51215363,132.6175079345703,22.080137252807617,19.31241226196289,38.22513198852539,26.155139923095703,3,26.37447166442871
3190,99.97654724121094,103.4699478149414,-43.51124573,132.61737060546875,22.07986831665039,19.29974174499512,38.19021224975586,26.14881706237793,3,26.36600875854492
3191,100.01844024658205,103.48094940185548,-43.51193237,132.61769104003906,22.08122444152832,19.267860412597656,38.167423248291016,26.153636932373047,3,26.37228775024414
3192,100.02033996582033,103.49323272705078,-43.51221466,132.61758422851562,22.070297241210938,19.30306625366211,38.180450439453125,26.14787483215332,3,26.3835506439209
3193,100.02404022216795,103.4776611328125,-43.51219177,132.6175994873047,22.084754943847656,19.30715751647949,38.219200134277344,26.150611877441406,3,26.42285919189453
3194,99.99897003173828,103.48495483398438,-43.51120758,132.61734008789062,21.951929092407227,19.329713821411133,38.20576858520508,26.152624130249023,3,26.4005069732666
3195,99.98155975341795,103.49433135986328,-43.51124573,132.6173553466797,21.802709579467773,19.36669922,38.16868591308594,26.17442321777344,3,26.427852630615234
3196,99.98114013671876,103.47887420654295,-43.51130676,132.6173095703125,21.873863220214844,19.324932098388672,38.23283386230469,26.158897399902344,3,26.39141845703125
3197,100.00116729736328,103.47154998779295,-43.51196671,132.61785888671875,21.847272872924805,19.305540084838867,38.22291564941406,26.18250274658203,3,26.395509719848636
3198,100.02067565917967,103.4721908569336,-43.51210022,132.61761474609375,21.744842529296875,19.31527709960937,38.198204040527344,26.210641860961918,3,26.415246963500977
3199,100.02208709716795,103.4883804321289,-43.51210785,132.6180419921875,21.67587661743164,19.319528579711918,38.19068908691406,26.223730087280277,3,26.419116973876957
3200,99.97298431396484,103.50279998779295,-43.51138687,132.6172637939453,21.398012161254883,19.371002197265625,38.20445251464844,26.257347106933597,3,26.41426658630371
3201,100.02798461914062,103.48690032958984,-43.51207733,132.6175994873047,21.3972282409668,19.339862823486328,38.16204071044922,26.255395889282227,3,26.381614685058597
3202,100.01573944091795,103.48683166503906,-43.51201248,132.6175994873047,21.43645477294922,19.320825576782227,38.25673675537109,26.26221466064453,3,26.367996215820312
3203,99.97698211669922,103.47421264648438,-43.51125336,132.6174774169922,21.47334861755371,19.30764579772949,38.32862091064453,26.25942039489746,3,26.396011352539062
3204,99.97906494140624,103.48684692382812,-43.51109314,132.6175079345703,21.77343368530273,19.3292293548584,38.2689208984375,26.26533317565918,3,26.404823303222656
3205,100.01985168457033,103.46931457519533,-43.51215744,132.61761474609375,21.562238693237305,19.328269958496094,38.32882690429688,26.25528717041016,3,26.493371963500977
3206,100.0108642578125,103.4865264892578,-43.51182175,132.61769104003906,21.72600555419922,19.331907272338867,38.28749084472656,26.24853134155273,3,26.480201721191406
3207,100.00819396972656,103.4748306274414,-43.51213837,132.61770629882812,21.37127685546875,19.319299697875977,38.27817535400391,26.260417938232425,3,26.50536727905273
3208,100.00302124023438,103.4775619506836,-43.512146,132.61781311035156,21.31953811645508,19.340221405029297,38.32966995239258,26.255014419555664,3,26.510133743286133
3209,100.01351165771484,103.49044036865234,-43.51194382,132.61769104003906,20.97752571105957,19.361528396606445,38.34723663330078,26.27657127380371,3,26.43488121032715
3210,100.00884246826172,103.48856353759766,-43.51187134,132.61801147460938,21.40677261352539,19.284835815429688,38.33064270019531,26.26251602172852,3,26.4846305847168
3211,99.98943328857422,103.49737548828124,-43.51133728,132.6173858642578,21.48771095275879,19.33460998535156,38.32345199584961,26.26044273376465,3,26.53095245361328
3212,99.98103332519533,103.494384765625,-43.51150131,132.61776733398438,21.55820846557617,19.362611770629883,38.311771392822266,26.23967742919922,3,26.49317741394043
3213,99.97502136230467,103.47832489013672,-43.51097488,132.6175537109375,21.565452575683597,19.232990264892575,38.33976364135742,26.269880294799805,3,26.529895782470703
3214,99.99361419677734,103.47501373291016,-43.51119614,132.61749267578125,21.7187557220459,19.07910919189453,38.302982330322266,26.24800491333008,3,26.527912139892575
3215,99.97711944580078,103.48762512207033,-43.51147079,132.6173858642578,22.027263641357425,19.24822235107422,38.38610458374024,26.276023864746094,3,26.54986572265625
3216,99.99449920654295,103.4997100830078,-43.51197815,132.61788940429688,22.03421401977539,19.334444046020508,38.462284088134766,26.28139305114746,3,26.43875503540039
3217,99.98880767822266,103.49493408203124,-43.51114655,132.61761474609375,21.790149688720703,19.097070693969727,38.48323440551758,26.264244079589844,3,26.510541915893555
3218,100.00069427490234,103.51250457763672,-43.512146,132.61782836914062,21.73899269104004,19.02380752563477,38.4980697631836,26.26738739013672,3,26.511579513549805
3219,100.01219177246094,103.5031509399414,-43.51229095,132.61788940429688,21.586257934570312,18.945974349975582,38.47373580932617,26.2614860534668,3,26.51358413696289
3220,99.9851303100586,103.50364685058594,-43.51132965,132.61737060546875,21.580049514770508,19.284652709960938,38.49367904663086,26.255342483520508,3,26.541881561279297
3221,100.00991821289062,103.49066925048828,-43.51176071,132.61790466308594,21.74494171142578,19.314849853515625,38.49424743652344,26.25623321533203,3,26.51543426513672
3222,100.01882934570312,103.48135375976562,-43.51237106,132.6177520751953,21.897066116333008,18.86656379699707,38.49565887451172,26.26778793334961,3,26.54607391357422
3223,100.0059814453125,103.48252868652344,-43.5122757,132.6177520751953,21.763614654541016,18.844430923461918,38.4894905090332,26.280452728271484,3,26.56936454772949
3224,100.00553131103516,103.49529266357422,-43.5120697,132.61788940429688,21.695520401000977,19.003419876098636,38.47181701660156,26.276025772094727,3,26.57098197937012
3225,99.9825210571289,103.51245880126952,-43.51138306,132.61737060546875,21.69332695007324,19.15335273742676,38.45012283325195,26.2717342376709,3,26.56480407714844
3226,100.01732635498048,103.48153686523438,-43.51153946,132.6178741455078,21.77924346923828,19.256860733032227,38.49568939208984,26.26583480834961,3,26.557945251464844
3227,99.99934387207033,103.48719024658205,-43.51238632,132.6177520751953,22.086406707763672,18.813556671142575,38.485050201416016,26.29304313659668,3,26.586652755737305
3228,99.97223663330078,103.51676940917967,-43.51144028,132.6173553466797,22.072872161865234,18.94011878967285,38.49891662597656,26.282032012939453,3,26.60812759399414
3229,100.01433563232422,103.49068450927734,-43.51198196,132.61785888671875,21.99773597717285,19.10249900817871,38.46387100219727,26.2650203704834,3,26.542285919189453
3230,99.99568939208984,103.4918212890625,-43.51119614,132.61752319335938,22.05302619934082,18.78153419494629,38.48854446411133,26.268285751342773,3,26.50132751464844
3231,100.01632690429688,103.49278259277344,-43.51208115,132.61793518066406,22.050634384155277,18.71660614013672,38.467193603515625,26.304733276367188,3,26.58376693725586
3232,100.00154876708984,103.50093841552734,-43.51182938,132.61785888671875,22.10337829589844,18.879858016967773,38.47150802612305,26.31502342224121,3,26.559650421142575
3233,99.96495056152344,103.48165893554688,-43.51125717,132.6175537109375,22.18221664428711,19.167217254638672,38.44454574584961,26.32777214050293,3,26.57944679260254
3234,100.01007080078124,103.48057556152344,-43.51109314,132.61766052246094,22.00629425048828,18.93949508666992,38.47307205200195,26.3389892578125,3,26.574840545654297
3235,99.9979476928711,103.49574279785156,-43.51234436,132.61798095703125,21.935768127441406,18.849750518798828,38.48280334472656,26.33519172668457,3,26.57596015930176
3236,100.01802825927734,103.50088500976562,-43.51205444,132.6180419921875,21.683671951293945,18.69943618774414,38.49143600463867,26.333894729614254,3,26.615821838378903
3237,99.9901123046875,103.50867462158205,-43.5117569,132.61814880371094,21.743125915527344,18.70567321777344,38.501312255859375,26.335079193115234,3,26.58444023132324
3238,99.99443817138672,103.50244903564452,-43.51124191,132.61741638183594,21.811920166015625,18.9437198638916,38.42558670043945,26.333328247070312,3,26.618879318237305
3239,100.01490783691406,103.49630737304688,-43.51212311,132.61793518066406,21.839412689208984,18.62318992614746,38.442626953125,26.31304359436035,3,26.61425018310547
3240,99.99113464355467,103.50312042236328,-43.51207352,132.61790466308594,22.00028419494629,18.88187026977539,38.49803924560547,26.32258033752441,3,26.605937957763672
3241,99.99663543701172,103.5107192993164,-43.51189423,132.6178436279297,21.64857292175293,18.716976165771484,38.497535705566406,26.328054428100582,3,26.6301383972168
3242,100.00010681152344,103.5184326171875,-43.5123024,132.61793518066406,21.504558563232425,18.753746032714844,38.453590393066406,26.27824592590332,3,26.652700424194336
3243,100.02267456054688,103.478759765625,-43.51184845,132.61814880371094,21.484289169311523,18.58563232421875,38.44962310791016,26.28817176818848,3,26.67180061340332
3244,99.99852752685548,103.5074691772461,-43.51130676,132.6175537109375,21.544841766357425,18.79093360900879,38.475128173828125,26.294294357299805,3,26.64725685119629
3245,99.99947357177734,103.5060043334961,-43.51223755,132.6179656982422,21.65902709960937,18.574613571166992,38.54757308959961,26.288190841674805,3,26.69004821777344
3246,100.01778411865234,103.4995574951172,-43.51214981,132.6180419921875,21.52936172485352,18.624950408935547,38.50290298461914,26.264646530151367,3,26.693567276000977
3247,99.99032592773438,103.52240753173828,-43.51118088,132.61769104003906,22.11764144897461,18.58904266357422,38.53926467895508,26.27183151245117,3,26.684547424316406
3248,100.0117645263672,103.50154113769533,-43.51127625,132.61753845214844,22.213289260864254,18.851531982421875,38.54684829711914,26.25358390808105,3,26.61913681030273
3249,99.98504638671876,103.49661254882812,-43.51135254,132.61756896972656,21.84603881835937,18.65950965881348,38.511863708496094,26.33792304992676,3,26.656429290771484
3250,100.00000762939452,103.52157592773438,-43.5111618,132.61770629882812,22.214000701904297,18.689138412475582,38.47573471069336,26.323604583740234,3,26.74590301513672
3251,99.9979248046875,103.5135726928711,-43.51199722,132.6182098388672,22.20585823059082,18.741905212402344,38.5001335144043,26.32790184020996,3,26.72513961791992
3252,99.9801025390625,103.51021575927734,-43.51132202,132.6175994873047,22.209436416625977,18.78864097595215,38.50674819946289,26.32940673828125,3,26.69318008422852
3253,100.0052261352539,103.5229263305664,-43.51207352,132.61813354492188,22.239606857299805,18.81064987182617,38.53560256958008,26.33570671081543,3,26.667829513549805
3254,100.00814056396484,103.50285339355467,-43.51225281,132.6180419921875,22.153329849243164,18.602827072143555,38.500450134277344,26.321910858154297,3,26.696956634521484
3255,100.00569152832033,103.50653076171876,-43.51178741,132.61830139160156,22.121076583862305,18.59401512145996,38.54256820678711,26.325756072998047,3,26.70304107666016
3256,99.98982238769533,103.51856231689452,-43.51217651,132.61805725097656,21.889543533325195,18.655689239501957,38.53854751586914,26.333086013793945,3,26.771469116210938
3257,100.00460052490234,103.49180603027344,-43.51142883,132.61773681640625,21.55866241455078,18.811325073242188,38.48851013183594,26.32902336120605,3,26.7679443359375
3258,99.99089050292967,103.52288818359376,-43.51193619,132.61843872070312,21.46305084228516,18.58850860595703,38.5376091003418,26.30814552307129,3,26.773887634277344
3259,100.0169448852539,103.51354217529295,-43.51222992,132.61798095703125,21.58700180053711,18.79170036315918,38.54295349121094,26.31304168701172,3,26.75479507446289
3260,99.99006652832033,103.50234985351562,-43.51208878,132.6179962158203,21.48145294189453,18.852373123168945,38.49229431152344,26.30916404724121,3,26.75960350036621
3261,99.97785186767578,103.50064086914062,-43.51137543,132.6177978515625,21.461654663085938,18.74416160583496,38.52872467041016,26.3253231048584,3,26.77964401245117
3262,100.01707458496094,103.50733184814452,-43.51177216,132.61813354492188,21.88925170898437,18.88147735595703,38.5007438659668,26.311687469482425,3,26.85953140258789
3263,100.0029297,103.4996109008789,-43.51125336,132.6175994873047,21.603281021118164,18.693096160888672,38.44757843017578,26.319978713989254,3,26.78731155395508
3264,99.9843521118164,103.57421112060548,-43.51167297,132.61753845214844,21.619142532348636,18.911508560180664,38.48135757446289,26.32011985778809,3,26.779014587402344
3265,100.0152587890625,103.58935546875,-43.5123024,132.6181641,21.640050888061523,18.985286712646484,38.44449234008789,26.309741973876957,3,26.779932022094727
3266,99.97464752197266,103.59616088867188,-43.51143265,132.61817932128906,21.637622833251957,19.021337509155277,38.483829498291016,26.305200576782227,3,26.77004051208496
3267,100.00945281982422,103.55534362792967,-43.51220703,132.61810302734375,21.633628845214844,18.79395294189453,38.45173263549805,26.32150650024414,3,26.814849853515625
3268,99.98792266845705,103.54495239257812,-43.5112915,132.61785888671875,21.67230033874512,18.709901809692383,38.429805755615234,26.32477569580078,3,26.80513572692871
3269,100.0084228515625,103.73802947998048,-43.51225662,132.61827087402344,21.728914260864254,18.909523010253903,38.42045593261719,26.324047088623047,3,26.833648681640625
3270,100.0119171142578,103.75257873535156,-43.51169586,132.61831665039062,21.898012161254883,18.965717315673828,38.40006256103516,26.32665252685547,3,26.920522689819336
3271,99.9764404296875,103.75505065917967,-43.51167679,132.61781311035156,21.649532318115234,18.697742462158203,38.47239303588867,26.309894561767575,3,26.816984176635746
3272,99.98020935058594,103.76422882080078,-43.51153946,132.61834716796875,21.643535614013672,18.87860679626465,38.40083694458008,26.297822952270508,3,26.842626571655277
3273,99.99349212646484,103.75516510009766,-43.5123558,132.61825561523438,21.65616226196289,19.021907806396484,38.38571548461914,26.287752151489254,3,26.83380699157715
3274,99.98694610595705,103.7503433227539,-43.51189804,132.61831665039062,21.65833854675293,19.02507209777832,38.40719223022461,26.305850982666016,3,26.81859397888184
3275,100.0050277709961,103.75711059570312,-43.51164627,132.6177978515625,21.62936782836914,18.78899383544922,38.35514831542969,26.302143096923828,3,26.893165588378903
3276,100.02322387695312,103.74400329589844,-43.51187897,132.61825561523438,21.545034408569336,18.765628814697266,38.43331146240234,26.32061004638672,3,26.854494094848636
3277,99.97913360595705,103.7542495727539,-43.51206207,132.6182861328125,21.59318351745605,18.86220932006836,38.58242034912109,26.31044578552246,3,26.888582229614254
3278,100.009521484375,103.7541046142578,-43.51219559,132.61814880371094,21.32495880126953,19.087905883789062,38.5560302734375,26.31884002685547,3,26.858322143554688
3279,99.98591613769533,103.76811981201172,-43.51131821,132.6179656982422,21.329687118530277,18.78545188903809,38.58465576171875,26.33142852783203,3,26.90028381347656
3280,99.9882583618164,103.77066040039062,-43.51241302,132.61834716796875,21.42433738708496,18.85326385498047,38.48300552368164,26.27213859558105,3,26.869972229003903
3281,100.00381469726562,103.77877044677734,-43.51166916,132.6180419921875,21.4837646484375,19.110610961914062,38.53634262084961,26.311656951904297,3,26.86564064025879
3282,100.00658416748048,103.77549743652344,-43.51230621,132.61822509765625,21.878019332885746,18.714157104492188,38.540523529052734,26.330810546875,3,26.88057327270508
3283,99.99314880371094,103.7697982788086,-43.51165771,132.61773681640625,21.61549186706543,18.98505210876465,38.563232421875,26.31522560119629,3,26.9152946472168
3284,100.0099105834961,103.65960693359376,-43.51241684,132.6182098388672,21.91808319091797,18.931493759155277,38.55062103271485,26.3281364440918,3,26.93534469604492
3285,99.98621368408205,103.61612701416016,-43.51211548,132.61819458007812,21.955137252807617,18.97069358825684,38.53519058227539,26.32616806030273,3,26.94510269165039
3286,99.99862670898438,103.50732421875,-43.51123047,132.61788940429688,22.03863906860352,19.03105926513672,38.628177642822266,26.369579315185547,3,26.91583824157715
3287,99.99557495117188,103.49317169189452,-43.51210785,132.61846923828125,21.800521850585938,18.892946243286133,38.62904739379883,26.36056900024414,3,26.892105102539062
3288,99.99771118164062,103.47595977783205,-43.51140213,132.61788940429688,21.71757698059082,18.855737686157227,38.6202392578125,26.36122131347656,3,26.860780715942383
3289,100.01747131347656,103.47360229492188,-43.51236343,132.61822509765625,21.642553329467773,18.811508178710938,38.6204719543457,26.368009567260746,3,26.889591217041016
3290,99.99674224853516,103.51119995117188,-43.51229858,132.61819458007812,21.862348556518555,19.06389617919922,38.58749008178711,26.355573654174805,3,26.899600982666016
3291,100.01023864746094,103.48766326904295,-43.51225281,132.61830139160156,21.68697166442871,18.849760055541992,38.63818359,26.368764877319336,3,26.91642951965332
3292,99.9745635986328,103.4967803955078,-43.51182938,132.61842346191406,21.640071868896484,18.872217178344727,38.60441970825195,26.370759963989254,3,26.923412322998047
3293,99.98638916015624,103.50828552246094,-43.51160431,132.61778259277344,21.786584854125977,19.16403579711914,38.650611877441406,26.371898651123047,3,26.86878776550293
3294,99.99573516845705,103.51106262207033,-43.51223373,132.61830139160156,21.68659210205078,19.277870178222656,38.639556884765625,26.366436004638672,3,26.91856002807617
3295,99.9835433959961,103.50383758544922,-43.51197815,132.61825561523438,21.49888801574707,18.943679809570312,38.59432601928711,26.37220001220703,3,26.948366165161133
3296,99.99788665771484,103.49900817871094,-43.51245499,132.6182403564453,21.519939422607425,18.98335266113281,38.580020904541016,26.371849060058597,3,26.951824188232425
3297,100.00608825683594,103.49576568603516,-43.51237106,132.6182403564453,21.33654022216797,19.0396671295166,38.5740852355957,26.371675491333008,3,26.94669532775879
3298,99.99820709228516,103.50157165527344,-43.5124321,132.61830139160156,21.19073486328125,18.951770782470703,38.549312591552734,26.36634635925293,3,26.92873764038086
3299,100.00106811523438,103.49378204345705,-43.51199722,132.61849975585938,21.22545623779297,18.93223190307617,38.54921722412109,26.35910415649414,3,26.943336486816406
3300,100.01261138916016,103.49463653564452,-43.51163101,132.61785888671875,21.29855155944824,18.929855346679688,38.5797233581543,26.35222625732422,3,26.93461799621582
3301,100.00900268554688,103.48553466796876,-43.51211166,132.61831665039062,21.38915252685547,18.9832763671875,38.55881118774414,26.350465774536133,3,26.936012268066406
3302,99.98212432861328,103.5184555053711,-43.51192856,132.61839294433594,21.46120262145996,19.16815757751465,38.61308670043945,26.36066055297852,3,26.933069229125977
3303,100.0009307861328,103.49988555908205,-43.51192474,132.61846923828125,21.771743774414062,19.053831100463867,38.49978256225586,26.35674285888672,3,26.939929962158203
3304,99.99744415283205,103.5107192993164,-43.51167297,132.6178436279297,21.900501251220703,19.23945617675781,38.57381439208984,26.3645076751709,3,26.95219039916992
3305,99.97689056396484,103.49832153320312,-43.51152039,132.61827087402344,21.907451629638672,19.287843704223636,38.50704193115234,26.368955612182617,3,26.963397979736328
3306,99.99349975585938,103.50338745117188,-43.51230621,132.6183624267578,21.922855377197266,19.13506317138672,38.51022338867188,26.36492729187012,3,26.9185733795166
3307,100.01117706298828,103.48921966552734,-43.51248169,132.6182403564453,21.97110939025879,18.950336456298828,38.51668548583984,26.35020446777344,3,26.97561454772949
3308,99.9911117553711,103.5047836303711,-43.51243973,132.61831665039062,22.123363494873047,19.08965492248535,38.50203323364258,26.35309219360352,3,27.00146484
3309,100.00450897216795,103.49884796142578,-43.51184082,132.618408203125,22.16859245300293,19.263452529907227,38.4886360168457,26.361865997314453,3,27.01684188842773
3310,100.0084228515625,103.49568939208984,-43.51196289,132.6181182861328,22.274080276489254,19.04444694519043,38.52300262451172,26.37386512756348,3,27.002052307128903
3311,100.01326751708984,103.48971557617188,-43.51218796,132.61830139160156,22.255836486816406,19.038301467895508,38.50212478637695,26.368757247924805,3,26.96089553833008
3312,99.98593139648438,103.49684143066406,-43.51151657,132.61843872070312,22.25214958190918,19.03232192993164,38.52949523925781,26.368837356567383,3,26.99834442138672
3313,99.98394012451172,103.4983367919922,-43.51179886,132.6179656982422,22.26910972595215,19.139482498168945,38.59832382202149,26.36359024047852,3,27.04111862182617
3314,99.9987335205078,103.49373626708984,-43.51242828,132.6181641,22.30620002746582,19.223783493041992,38.595664978027344,26.36546516418457,3,27.062793731689453
3315,100.00199127197266,103.51140594482422,-43.51187134,132.61761474609375,22.15198135375977,19.300537109375,38.6239128112793,26.36708068847656,3,27.00927352905273
3316,100.00030517578124,103.49730682373048,-43.51249313,132.61837768554688,21.970373153686523,19.2407341003418,38.58283615112305,26.366539001464844,3,27.008440017700195
3317,100.00272369384766,103.510986328125,-43.51216888,132.61813354492188,21.629484176635746,18.97599983215332,38.57506942749024,26.37354278564453,3,26.962106704711918
3318,100.01358032226562,103.50569152832033,-43.51162338,132.617919921875,21.71367645263672,18.96996688842773,38.53433609008789,26.375247955322266,3,26.9686336517334
3319,99.98656463623048,103.51670837402344,-43.51212311,132.61843872070312,21.770143508911133,18.9678897857666,38.583282470703125,26.37497901916504,3,26.997713088989254
3320,99.97695922851562,103.48883056640624,-43.51182556,132.6182403564453,21.87725257873535,19.26998519897461,38.617950439453125,26.373044967651367,3,27.032129287719727
3321,100.01619720458984,103.4796371459961,-43.51182556,132.6178436279297,21.90857315063477,19.28929901123047,38.65766906738281,26.37282943725586,3,27.04043197631836
3322,100.00788116455078,103.48477935791016,-43.51239395,132.61846923828125,21.93413734436035,19.32618522644043,38.61753463745117,26.36402130126953,3,27.06486320495605
3323,100.0011749267578,103.49559783935548,-43.51158524,132.61831665039062,21.872812271118164,19.09333038330078,38.62420654296875,26.37210464477539,3,26.97518920898437
3324,99.99581146240234,103.5111083984375,-43.51243591,132.61831665039062,21.83764266967773,19.21784019470215,38.63767623901367,26.363237380981445,3,26.9361629486084
3325,99.9914779663086,103.5093765258789,-43.51210785,132.6182861328125,21.86572266,19.251935958862305,38.61970901489258,26.3674259185791,3,26.94516372680664
3326,100.0248794555664,103.48992919921876,-43.5116806,132.6177520751953,21.524703979492188,19.237592697143555,38.59693908691406,26.36301612854004,3,27.062849044799805
3327,99.98792266845705,103.50104522705078,-43.51244736,132.61831665039062,21.513193130493164,19.16714859008789,38.635860443115234,26.36569023132324,3,27.076061248779297
3328,99.99988555908205,103.4953155517578,-43.51237869,132.61830139160156,21.467193603515625,19.20636749267578,38.565948486328125,26.374839782714844,3,27.028194427490234
3329,100.01071166992188,103.49685668945312,-43.51184845,132.6177520751953,21.43762969970703,18.966005325317383,38.61824035644531,26.365726470947266,3,27.001888275146484
3330,100.0265884399414,103.49407958984376,-43.51213837,132.6183624267578,21.488067626953125,19.157634735107425,38.61360931396485,26.36554527282715,3,27.09688949584961
3331,100.01915740966795,103.50098419189452,-43.51171112,132.61807250976562,21.582393646240234,19.281343460083008,38.57912826538086,26.37165069580078,3,27.08317375183105
3332,100.00154876708984,103.49002075195312,-43.51151276,132.61842346191406,21.72747039794922,19.323959350585938,38.60131072998047,26.370269775390625,3,27.027929306030277
3333,99.99494934082033,103.4872817993164,-43.51200867,132.61851501464844,21.9187126159668,19.3112735748291,38.57405090332031,26.37078094482422,3,27.019407272338867
3334,100.00702667236328,103.49457550048828,-43.51192856,132.61767578125,22.207504272460938,19.18802070617676,38.61779022216797,26.37907218933105,3,27.05782890319824
3335,100.01134490966795,103.4732894897461,-43.51202011,132.6182861328125,22.161521911621094,19.310392379760746,38.57066345214844,26.368846893310547,3,27.115219116210938
3336,100.00851440429688,103.52298736572266,-43.51224899,132.61851501464844,22.085723876953125,19.35651206970215,38.601409912109375,26.38120651245117,3,27.10850715637207
3337,99.9975128173828,103.48224639892578,-43.51232147,132.6182861328125,21.892066955566406,19.29735565185547,38.59392166137695,26.37681770324707,3,27.109251022338867
3338,100.01091003417967,103.49393463134766,-43.51188278,132.618408203125,21.52338981628418,19.309162139892575,38.61628341674805,26.369474411010746,3,27.123031616210938
3339,100.00399017333984,103.50110626220705,-43.5122261,132.61830139160156,21.51102066040039,19.322490692138672,38.59092330932617,26.37569236755371,3,27.14657974243164
3340,100.0090789794922,103.48683166503906,-43.51174164,132.61788940429688,21.556617736816406,19.3012752532959,38.531036376953125,26.375104904174805,3,27.056373596191406
3341,100.01529693603516,103.51200103759766,-43.51207352,132.61770629882812,21.63904571533203,19.3027286529541,38.57656478881836,26.37881851196289,3,27.03859138488769
3342,99.98624420166016,103.49374389648438,-43.51259613,132.6182403564453,21.54405212402344,19.258848190307617,38.56632995605469,26.37813377380371,3,27.055721282958984
3343,99.9808578491211,103.51356506347656,-43.51210785,132.61839294433594,21.499210357666016,19.357202529907227,38.57802200317383,26.38178062438965,3,27.10386657714844
3344,100.00092315673828,103.48566436767578,-43.51218033,132.61842346191406,21.605775833129883,19.363412857055664,38.54095077514648,26.38121032714844,3,27.04486656188965
3345,99.99109649658205,103.49658203125,-43.51209259,132.61854553222656,21.57093620300293,19.368120193481445,38.66982650756836,26.378721237182617,3,27.074604034423828
3346,99.99343872070312,103.4859619140625,-43.51223373,132.6183624267578,21.47061538696289,19.357885360717773,38.703426361083984,26.381086349487305,3,27.081727981567383
3347,100.00099182128906,103.51531982421876,-43.51248932,132.61831665039062,21.426921844482425,19.2728214263916,38.68026351928711,26.38154602050781,3,27.14534950256348
3348,100.03353118896484,103.47599792480467,-43.51177216,132.61778259277344,20.972091674804688,19.301420211791992,38.71100997924805,26.381046295166016,3,27.076637268066406
3349,100.00820922851562,103.4808578491211,-43.51196671,132.6178741455078,21.37947654724121,19.355600357055664,38.63970947265625,26.37980842590332,3,27.115798950195312
3350,99.9678192138672,103.47721862792967,-43.51179504,132.61827087402344,21.474031448364254,19.18829727172852,38.62446594238281,26.382741928100582,3,27.12673568725586
3351,100.01766204833984,103.47351837158205,-43.51186752,132.6178436279297,21.450571060180664,19.24421501159668,38.5871696472168,26.382843017578125,3,27.12605094909668
3352,99.99785614013672,103.50725555419922,-43.51192856,132.61788940429688,21.62055969238281,19.34553337097168,38.64099884033203,26.382368087768555,3,27.173460006713867
3353,100.01618194580078,103.4610366821289,-43.51193237,132.61798095703125,21.53944396972656,19.206247329711918,38.6534423828125,26.38061141967773,3,27.19109344482422
3354,100.0020751953125,103.48199462890624,-43.51197815,132.6183624267578,21.49039077758789,19.10508918762207,38.64250183105469,26.38090705871582,3,27.16572952270508
3355,100.0160903930664,103.47342681884766,-43.51207352,132.6177978515625,21.071557998657227,19.24652671813965,38.58074569702149,26.382801055908203,3,27.220489501953125
3356,99.99445343017578,103.48050689697266,-43.51134491,132.6183319091797,20.92265892028809,19.296127319335938,38.5960807800293,26.38309860229492,3,27.204240798950195
3357,100.01033020019533,103.48665618896484,-43.51181793,132.61776733398438,20.98823547363281,19.3117790222168,38.567718505859375,26.38349723815918,3,27.18507957458496
3358,100.02957916259766,103.4729232788086,-43.51185608,132.61802673339844,21.462766647338867,19.093690872192383,38.61621475219727,26.3842830657959,3,27.186756134033203
3359,99.98761749267578,103.50080108642578,-43.51192093,132.6184539794922,21.39474105834961,19.10000991821289,38.6494026184082,26.38446617126465,3,27.14547538757324
3360,100.03099822998048,103.47463989257812,-43.51208878,132.61782836914062,21.43550491333008,19.13377571105957,38.650299072265625,26.384477615356445,3,27.158945083618164
3361,99.98681641,103.48045349121094,-43.5122757,132.61837768554688,21.354740142822266,19.17970848083496,38.67023468017578,26.383522033691406,3,27.170808792114254
3362,100.0046615600586,103.4798583984375,-43.5121727,132.61843872070312,21.48907470703125,18.92627716064453,38.645263671875,26.382349014282227,3,27.21525764465332
3363,100.02472686767578,103.45660400390624,-43.51177979,132.6180877685547,21.492902755737305,18.940099716186523,38.62798690795898,26.383399963378903,3,27.198848724365234
3364,100.01617431640624,103.53108978271484,-43.51184845,132.61807250976562,21.287622451782227,19.10727310180664,38.6034049987793,26.38410186767578,3,27.168540954589844
3365,99.98197174072266,103.51197052001952,-43.51192093,132.61830139160156,21.602174758911133,18.95584487915039,38.67995071411133,26.382474899291992,3,27.165266036987305
3366,100.00860595703124,103.47561645507812,-43.51177979,132.6180419921875,21.524810791015625,18.94902992248535,38.6786994934082,26.38347816467285,3,27.175830841064453
3367,100.0356216430664,103.52742767333984,-43.51207352,132.617919921875,21.896263122558597,18.88881492614746,38.58695983886719,26.382265090942383,3,27.178258895874023
3368,99.9948959350586,103.55266571044922,-43.512043,132.6179656982422,22.006750106811523,18.84098243713379,38.656982421875,26.383684158325195,3,27.26372718811035
3369,99.99916076660156,103.52204895019533,-43.51215744,132.61830139160156,21.928810119628903,18.969226837158203,38.73237609863281,26.38104248046875,3,27.27472305297852
3370,100.0158462524414,103.49624633789062,-43.51182556,132.61802673339844,21.940818786621094,19.13524055480957,38.71659469604492,26.378582000732425,3,27.247425079345703
3371,99.9911117553711,103.52648162841795,-43.51220322,132.6183624267578,21.92888069152832,19.18730926513672,38.708892822265625,26.38026237487793,3,27.22794532775879
3372,100.02578735351562,103.53479766845705,-43.51192474,132.61795043945312,21.88304901123047,18.97608184814453,38.7495231628418,26.382909774780277,3,27.246959686279297
3373,99.98684692382812,103.5057144165039,-43.51208878,132.61842346191406,21.747276306152344,19.24201774597168,38.72057342529297,26.381107330322266,3,27.244606018066406
3374,99.98326873779295,103.46604919433594,-43.51230621,132.61831665039062,21.646913528442383,19.10519218444824,38.727874755859375,26.382762908935547,3,27.23824119567871
3375,100.00128936767578,103.4911117553711,-43.51161194,132.61839294433594,21.601058959960938,18.994060516357425,38.74232482910156,26.382293701171875,3,27.242469787597656
3376,99.98922729492188,103.52799224853516,-43.51177216,132.61807250976562,21.49298095703125,18.78614044189453,38.712398529052734,26.377487182617188,3,27.19158744812012
3377,100.02555847167967,103.53079223632812,-43.51212311,132.61782836914062,21.45665168762207,18.78089141845703,38.71635818481445,26.381967544555664,3,27.175107955932617
3378,100.01896667480467,103.58841705322266,-43.5120697,132.61793518066406,21.529600143432617,18.92681121826172,38.70246505737305,26.38357353210449,3,27.162254333496094
3379,100.00362396240234,103.50540924072266,-43.51231003,132.6182403564453,21.53504753112793,19.19585227966309,38.688568115234375,26.38119888305664,3,27.20255470275879
3380,99.9863052368164,103.53563690185548,-43.51205063,132.61830139160156,21.53839111328125,19.210996627807617,38.69618606567383,26.382137298583984,3,27.173423767089844
3381,99.99547576904295,103.57437896728516,-43.5120163,132.61842346191406,21.860504150390625,18.8604736328125,38.69019317626953,26.378612518310547,3,27.214006423950195
3382,99.98062896728516,103.52386474609376,-43.51211929,132.61834716796875,22.02414894104004,19.223051071166992,38.71208953857422,26.38371086120605,3,27.305465698242188
3383,100.00455474853516,103.52030181884766,-43.51158142,132.61831665039062,22.08443069458008,18.957393646240234,38.688087463378906,26.383943557739254,3,27.25861549377441
3384,99.97332763671876,103.59305572509766,-43.51174164,132.6183319091797,22.09762954711914,18.783885955810547,38.71677017211914,26.382312774658203,3,27.27479362487793
3385,100.02611541748048,103.55245208740234,-43.51211166,132.6178436279297,22.12625503540039,18.82777214050293,38.71443557739258,26.389131546020508,3,27.277952194213867
3386,99.99817657470705,103.54180908203124,-43.5119133,132.61839294433594,22.12479019165039,18.88405036926269,38.71212005615234,26.38782119750977,3,27.2650089263916
3387,100.0269775390625,103.55188751220705,-43.51194763,132.6179656982422,22.1031436920166,19.00770568847656,38.6683464050293,26.38620948791504,3,27.218284606933597
3388,100.00694274902344,103.53819274902344,-43.51204681,132.61778259277344,21.811038970947266,19.16715240478516,38.695919036865234,26.37628173828125,3,27.22421264648437
3389,100.02931213378906,103.54104614257812,-43.51213074,132.6178436279297,21.6296501159668,19.023941040039062,38.67452621459961,26.378145217895508,3,27.2251033782959
3390,99.98963165283205,103.50270080566406,-43.51204681,132.61839294433594,21.51413917541504,19.183992385864254,38.71770095825195,26.379711151123047,3,27.215579986572266
3391,100.01487731933594,103.49066162109376,-43.51221848,132.61790466308594,21.52135467529297,18.99485206604004,38.75522613525391,26.379972457885746,3,27.218645095825195
3392,99.97821044921876,103.51543426513672,-43.51214218,132.61822509765625,21.52497100830078,18.940086364746094,38.74192428588867,26.38130187988281,3,27.22416114807129
3393,99.98841857910156,103.5011215209961,-43.51163864,132.61834716796875,21.53807640075684,18.979324340820312,38.718292236328125,26.382211685180664,3,27.23600959777832
3394,100.02566528320312,103.53681182861328,-43.51234055,132.6177520751953,21.670135498046875,18.81816291809082,38.75973892211914,26.382234573364254,3,27.24675750732422
3395,99.98460388183594,103.52896118164062,-43.51214218,132.61843872070312,21.627803802490234,18.8343505859375,38.76315689086914,26.38095092773437,3,27.25745964050293
3396,100.02145385742188,103.52181243896484,-43.51200485,132.61807250976562,21.46329689025879,19.11652565002441,38.77325439453125,26.381914138793945,3,27.322296142578125
3397,100.0040054321289,103.49134826660156,-43.51239395,132.618408203125,21.628284454345703,18.83332061767578,38.74089431762695,26.380271911621094,3,27.27074813842773
3398,99.98469543457033,103.51560974121094,-43.51190948,132.6182403564453,21.588754653930664,18.89609909057617,38.72739028930664,26.381471633911133,3,27.245407104492188
3399,99.9827880859375,103.47356414794922,-43.51211166,132.61837768554688,21.59258460998535,19.05729866027832,38.70379257202149,26.38087654113769,3,27.279067993164062
3400,100.01075744628906,103.50830841064452,-43.51162338,132.61819458007812,21.565126419067383,19.240554809570312,38.74465560913086,26.372777938842773,3,27.29877281188965
3401,100.02301025390624,103.53849029541016,-43.51209641,132.6177978515625,21.526275634765625,19.22097396850586,38.7520751953125,26.37610244750977,3,27.30356979370117
3402,100.03069305419922,103.53128051757812,-43.51198959,132.617919921875,21.531177520751957,18.857128143310547,38.73170852661133,26.37363624572754,3,27.286266326904297
3403,99.98653411865234,103.50630950927734,-43.51183319,132.618408203125,21.52538108825684,18.80984878540039,38.671173095703125,26.372447967529297,3,27.275428771972656
3404,100.0129623413086,103.52222442626952,-43.51203156,132.61776733398438,21.52189826965332,18.810789108276367,38.67879486083984,26.375865936279297,3,27.284910202026367
3405,100.00321197509766,103.53453063964844,-43.51224518,132.61837768554688,21.511796951293945,18.86803436279297,38.680931091308594,26.377307891845703,3,27.29751205444336
3406,99.98583221435548,103.50157928466795,-43.51195526,132.6182403564453,21.44745445251465,19.031753540039062,38.7386589050293,26.37844467163086,3,27.31898498535156
3407,99.97021484,103.51498413085938,-43.51153946,132.6182098388672,21.501171112060547,19.265655517578125,38.763031005859375,26.3821964263916,3,27.33273696899414
3408,100.0335693359375,103.49027252197266,-43.51218414,132.61788940429688,21.44455337524414,19.2071590423584,38.739105224609375,26.38285255432129,3,27.351099014282227
3409,99.98311614990234,103.49861907958984,-43.51171112,132.61814880371094,21.604774475097656,19.248680114746094,38.7391357421875,26.38447952270508,3,27.372072219848636
3410,100.0160903930664,103.47504425048828,-43.51190186,132.6178741455078,21.62647819519043,19.268104553222656,38.73258972167969,26.38448715209961,3,27.3645133972168
3411,100.02630615234376,103.50862884521484,-43.5121727,132.6177215576172,21.48887825012207,19.163991928100582,38.71614074707031,26.38302993774414,3,27.336313247680664
3412,99.97596740722656,103.50833129882812,-43.51208878,132.6182098388672,21.609106063842773,19.290058135986328,38.72446060180664,26.383764266967773,3,27.30200958251953
3413,99.98442840576172,103.48047637939452,-43.51197052,132.61846923828125,21.605609893798828,19.2928409576416,38.74150466918945,26.38423538208008,3,27.306835174560547
3414,99.9930648803711,103.51721954345705,-43.51185226,132.61837768554688,21.66991806030273,19.07930374145508,38.68852996826172,26.38286018371582,3,27.38867950439453
3415,100.02262878417967,103.48440551757812,-43.51216125,132.6180419921875,21.66514015197754,19.102439880371094,38.66638946533203,26.37917709350586,3,27.356355667114254
3416,100.02818298339844,103.49256896972656,-43.51213455,132.6177520751953,21.729341506958008,19.27847671508789,38.72519302368164,26.382888793945312,3,27.35831642150879
3417,99.98514556884766,103.50674438476562,-43.51196671,132.61817932128906,21.78024673461914,19.30538558959961,38.69473648071289,26.37965965270996,3,27.3680419921875
3418,99.98650360107422,103.50331115722656,-43.51195908,132.61825561523438,21.7721004486084,19.294212341308597,38.71941757202149,26.38212203979492,3,27.366744995117188
3419,99.9965362548828,103.52019500732422,-43.51200485,132.61830139160156,21.678146362304688,19.32745742797852,38.74492263793945,26.38388061523437,3,27.336864471435547
3420,99.97071838378906,103.54150390625,-43.51195908,132.6181641,21.51876640319824,19.326892852783203,38.74574661254883,26.384185791015625,3,27.369949340820312
3421,100.0202865600586,103.5034637451172,-43.51198578,132.6179962158203,21.55172538757324,19.314472198486328,38.74830627441406,26.38221549987793,3,27.375377655029297
3422,99.99040222167967,103.51785278320312,-43.51152039,132.6184844970703,21.581296920776367,19.334421157836918,38.76211166381836,26.381855010986328,3,27.443138122558597
3423,99.97003936767578,103.5248794555664,-43.5118866,132.61817932128906,21.615467071533203,19.340822219848636,38.78769302368164,26.383146286010746,3,27.39073944091797
3424,100.0052719116211,103.51416015625,-43.51186752,132.61810302734375,21.62015724182129,19.266868591308597,38.75185775756836,26.384265899658203,3,27.43156242370605
3425,99.98698425292967,103.49786376953124,-43.51176834,132.6183319091797,21.61393928527832,19.280420303344727,38.7430534362793,26.38438415527344,3,27.42295837402344
3426,100.00840759277344,103.5088348388672,-43.51215363,132.61785888671875,21.97311019897461,19.361467361450195,38.77622985839844,26.384111404418945,3,27.41619300842285
3427,99.97745513916016,103.52044677734376,-43.51194,132.61819458007812,21.70881462097168,19.32705307006836,38.801902770996094,26.38018035888672,3,27.456674575805664
3428,99.98869323730467,103.4824676513672,-43.51205063,132.61814880371094,21.668609619140625,19.316709518432617,38.73393630981445,26.382732391357425,3,27.41353225708008
3429,99.99688720703124,103.5051040649414,-43.51164627,132.6180877685547,21.59440422058105,19.34723472595215,38.766998291015625,26.382715225219727,3,27.43473625183105
3430,100.02960205078124,103.49497985839844,-43.51216507,132.617919921875,21.67906188964844,19.36189079284668,38.74638366699219,26.382457733154297,3,27.475000381469727
