timestamp,supply_pressure,exhaust_temperature,voltage,main_motor_output_voltage,main_motor_output_current,main_motor_output_frequency,main_motor_output_power,fan_motor_output_voltage,fan_motor_output_current,fan_motor_output_frequency,fan_motor_output_power,main_motor_speed,fan_motor_speed,current_balance_degree,main_motor_total_power_consumption_diff,fan_motor_total_power_consumption_diff,fault_code,fault_name,fault_code,encoded_label,confidence,prob_0,prob_1,prob_2,prob_3,prob_4,prob_5,prob_6,prob_7,prob_101,prob_102,prob_103,prob_104,prob_105,prob_106,prob_107
2025-11-12 19:20:00,0.6995,90.19717912831796,407.6,133.45,48.93491506678445,60.585,10.41528717279105,132.35,0.2,8.555,0.055,1799.4394698910987,251.2,0.4484419481275369,0.0075635926798402,0.0,101,主机过载-预警,101,8,0.9999611424844631,1.105917675127429e-06,1.5056449563429527e-06,1.325524513077057e-06,2.4376826908549806e-07,7.487623127873895e-07,8.384580334153018e-06,1.3419140873387759e-06,1.0719405160066273e-06,0.9999611424844631,1.2198525323003908e-06,7.167472235905479e-08,9.05350247331012e-06,1.0834655537124415e-05,1.3220047725898225e-06,6.277728353380584e-07
2025-11-12 17:55:00,0.6955,93.47890142304786,406.9,131.0,48.87354571838125,60.54,9.640828103899548,132.3,0.125,6.029999999999999,0.06,1808.037582981516,135.0,0.5216085850184171,0.0072728472448518,0.0,101,主机过载-预警,104,11,0.29957334272229763,0.0038012741124988014,0.02492288455678645,0.01548422716715962,0.00819946226771026,0.017178932597634207,0.25013466362621845,0.018838192263978662,0.014863917831322742,0.2758170860723862,0.014922306749744116,0.009170841438378851,0.29957334272229763,0.01754612345446512,0.021196239764456393,0.008350505374962453
2025-11-12 18:00:00,0.702,90.69058350608871,407.15,129.45,44.564525817841606,60.155,8.714543035088383,129.6,0.135,3.225,0.06,1788.1528872560536,86.1,0.4879625603554657,0.0076942239331005,3.999999999848569e-05,101,主机过载-预警,101,8,0.9994698600366911,5.843158990435082e-06,2.3081200679893962e-05,1.2428289673527593e-05,7.4131417465492135e-06,3.796176192540274e-05,0.00011062830123843198,1.5864531066482916e-05,1.00554904819399e-05,0.9994698600366911,1.2180185677632878e-05,6.848206395034395e-07,0.00016297106090651085,0.00010605096352694492,1.8627160955263274e-05,6.349895800033765e-06
2025-11-12 18:45:00,0.692,89.5396513052637,407.7,123.15,44.53150591424442,60.095000000000006,7.580439438882374,127.2,0.105,2.815,0.06,1781.134468580141,94.7,0.4877118889656209,0.0074854530814795,7.999999999697138e-05,101,主机过载-预警,101,8,0.9975341308724796,2.6380842428366437e-05,0.00018768198406991337,6.360561746837097e-05,5.070719008942782e-05,4.193714687208229e-05,7.843756584728588e-05,0.0001226456122199003,5.3809540716172235e-05,0.9975341308724796,5.823670340722987e-05,6.5296578686989195e-06,0.0012320770018194752,0.00042093211943327545,9.788652260026735e-05,2.500162267988325e-05
2025-11-12 18:10:00,0.7005,89.25363854088592,407.15,128.3,44.53144241622961,60.35,9.146374202304331,129.1,0.1699999999999999,8.9,0.055,1793.882645602559,138.7,0.4863115301738288,0.0077033538565267,2.5000000000829917e-05,101,主机过载-预警,101,8,0.9996918556368877,4.205045365329599e-06,1.3866720187316517e-05,8.35332031395166e-06,3.1887941801866784e-06,2.6424501438375295e-05,8.623213390512744e-06,7.465143099855517e-06,6.121801756182561e-06,0.9996918556368877,7.612051604823153e-06,3.528721825932478e-07,0.0001265834978130989,7.624071672140375e-05,1.5423856200854476e-05,3.6828288582506087e-06
2025-11-12 20:30:00,0.7005,90.45504118493206,407.55,136.75,53.74600670694812,61.985,11.685624307986185,134.0,0.1149999999999999,2.5,0.05,1816.618501444474,14.95,0.5103701192377874,0.0076337820013492,0.0,101,主机过载-预警,101,8,0.999584342960139,8.6219065215207e-06,0.00017741980941346654,1.1086817018826815e-05,1.6254553818265025e-05,6.896181698260694e-06,5.773591918820892e-05,1.556402867517183e-05,4.6887460884406155e-06,0.999584342960139,9.80443703640505e-06,9.093671494623177e-07,7.062908690112067e-06,8.801860458668712e-05,6.701419948680528e-06,4.892340027476132e-06
2025-11-12 17:45:00,0.6955,89.57496183892691,405.65,130.3,45.14912009424837,60.69,9.284639024266964,129.15,0.05,3.06,0.03,1797.074863984134,67.5,0.4778432934795708,0.0074147508641312,6.000000000483397e-05,101,主机过载-预警,101,8,0.998450541668655,2.0596681620017567e-05,8.550450537585745e-05,3.6476708452452946e-05,2.3933923223993015e-05,2.1041726138542874e-05,4.57708849486698e-05,4.2623692454657086e-05,3.46486196354372e-05,0.998450541668655,3.4451244402356486e-05,2.109140663951743e-06,0.0007990151204137838,0.0003159375760262627,6.780200118108477e-05,1.9546506807953537e-05
2025-11-12 17:10:00,0.6995,88.6870372259551,405.25,128.0,44.46939251567988,60.5,8.541504025047738,126.45,0.24,4.035,0.1349999999999999,1789.6280872319055,210.6,0.4982536938136662,0.0076467812029684,0.0,101,主机过载-预警,101,8,0.9987589161919143,7.697476357433661e-06,1.9898993858363332e-05,1.5376029894672688e-05,6.74129558808253e-06,6.965121738673044e-05,1.2278051739842555e-05,1.6627066363824218e-05,1.2344995592643148e-05,0.9987589161919143,1.1645505790368177e-05,1.7903347202982905e-06,0.0008001289229635791,0.00023194253549803,2.842631248134181e-05,6.535069850231005e-06
2025-11-12 17:20:00,0.6990000000000001,89.56329433697194,405.3,129.7,44.18811299916261,60.075,9.556921035524862,128.0,0.1399999999999999,6.16,0.0699999999999999,1781.8117994610184,200.2,0.4488040367137333,0.0077997191845132,4.500000000007276e-05,101,主机过载-预警,101,8,0.9998475164829966,6.815831913494559e-07,1.945984796966297e-06,1.3914462421813709e-06,3.1180486495398207e-07,6.273444532336727e-06,1.3097080232332387e-06,2.254529500364137e-06,1.2447317281949449e-06,0.9998475164829966,1.2711947204641598e-06,6.538165782305523e-08,0.00012261558691537808,9.94082628090093e-06,2.4513296413314952e-06,7.259649077920911e-07
2025-11-12 21:10:00,0.699,90.46798148489177,407.1,133.4,51.10885249462867,60.395,10.755043814699984,134.05,0.22,7.925,0.045,1799.7636358532418,227.85,0.495795745541073,0.0078031371199763,5.999999999772854e-05,101,主机过载-预警,101,8,0.9999686340528221,2.999520484546668e-07,5.881173866562143e-06,9.62882644606132e-07,1.827429508330748e-07,4.133303459713277e-06,6.067438457794076e-06,1.4792776995482373e-06,8.396721743803398e-07,0.9999686340528221,9.550698743599585e-07,3.7425984200785794e-08,2.889547479944614e-06,6.191512833013662e-06,9.531466603219881e-07,4.928010443423439e-07
2025-11-12 17:50:00,0.701,89.40819208448656,406.2,131.7,43.38211212785937,60.30499999999999,8.906313757710995,128.35,0.135,10.425,0.065,1795.6968687450226,174.15,0.4588451839625128,0.0076412189957228,3.999999999848569e-05,101,主机过载-预警,101,8,0.9997569568122038,5.202577545477219e-06,7.446916724586449e-06,6.385876841779741e-06,1.473060838382094e-06,2.465105829687801e-05,6.6372166284889315e-06,6.550087933096394e-06,5.870457831880207e-06,0.9997569568122038,6.937958714732799e-06,9.86408792139815e-07,9.922358388421615e-05,6.0074445343645134e-05,8.594820498689937e-06,3.0087179219287337e-06
2025-11-12 18:55:00,0.6935,88.04886218339318,408.1,125.5,46.95228251130799,60.53,8.585009272489147,128.45,0.105,2.5,0.0349999999999999,1789.2645591429723,120.95,0.5131789222707678,0.0072451284609619,4.500000000007276e-05,101,主机过载-预警,101,8,0.3271380793183852,0.005219428148875033,0.05563549132002841,0.018793130208414683,0.007378753701661687,0.010651792100746496,0.02466404507895651,0.03168498466525671,0.05844004244402915,0.3271380793183852,0.01626786385978539,0.0011418518245536104,0.22481017256632901,0.1794207680696518,0.030240342620539287,0.008513254072787114
2025-11-12 19:30:00,0.7015,90.23310702522268,407.85,131.15,53.7811324996048,60.33,9.640880908734044,131.45,0.1699999999999999,9.865,0.06,1788.4925957847315,206.25,0.4769418705536593,0.007930278480402,5.499999999614147e-05,101,主机过载-预警,101,8,0.9999467828971945,1.5533475016230697e-06,9.563419739045528e-06,1.9126475538667728e-06,3.2948437552722644e-07,6.756049352502988e-06,9.55760090185444e-06,3.2337287339326616e-06,8.688879866721456e-07,0.9999467828971945,1.9150578826474046e-06,6.319110358708524e-08,5.23529267149662e-06,9.243430889697396e-06,2.091023463368822e-06,8.939406498705938e-07
2025-11-12 20:40:00,0.7005,91.3773917548838,406.45,131.9,52.53292541632027,60.685,11.31119934370648,135.9,0.185,9.78,0.1,1793.1457610092243,327.5,0.4550354871311255,0.0077606810950852,8.999999999304009e-05,101,主机过载-预警,101,8,0.9999762434331856,8.465607706293819e-07,1.4942838895065978e-06,1.3616009895042153e-06,1.7693370098983898e-07,3.9529561427400066e-06,4.728082174637095e-06,7.352348031055258e-07,4.395312362107475e-07,0.9999762434331856,1.272497021851884e-06,4.9590635714561133e-08,1.1247632533424982e-06,6.191029389085269e-06,9.709380476332017e-07,4.1256475957372383e-07
2025-11-12 16:45:00,0.6955,90.23609918470382,405.1,134.15,51.89780270557984,60.875,10.566980498920456,134.3,0.165,4.515,0.06,1799.539395377914,113.35,0.5136235920632563,0.0071593804556156,0.0,101,主机过载-预警,101,8,0.9993574503147082,4.958945583723006e-06,0.00015481559857704656,2.0731306614728418e-05,1.1567415166952642e-05,1.5546294496455847e-05,0.00017654888410174947,2.0616471353615573e-05,1.7938549363323655e-05,0.9993574503147082,1.6303493773017834e-05,1.3533571049906284e-06,2.5487721267045118e-05,0.00014687607025292053,1.9366576672488808e-05,1.0439000963683014e-05
2025-11-12 20:45:00,0.694,89.70958537405905,407.85,125.95,42.87508935748066,60.495000000000005,7.199861068884653,125.7,0.1,4.2,0.06,1788.5807369553322,135.0,0.4834861900035431,0.007437624826432,1.0000000003174137e-05,101,主机过载-预警,101,8,0.9963061311980074,3.256995305380998e-05,0.00016631121723099132,6.534051967577973e-05,3.4513836072419345e-05,3.880864923641561e-05,0.0007898287904854383,0.0001079431688522037,5.661650515619153e-05,0.9963061311980074,5.8377645351595216e-05,8.75736146479353e-06,0.0017068527491481205,0.0004667619434088209,0.00012485597360871773,3.6330489247301464e-05
2025-11-12 17:00:00,0.699,89.76604842534375,405.35,125.6,44.17239397002725,60.16,7.734933489190691,126.0,0.085,6.470000000000001,0.03,1783.2781720124624,53.45,0.5004452861351009,0.0078194405006644,3.499999999689862e-05,101,主机过载-预警,101,8,0.999881426830617,7.784600537321422e-07,4.184935497826171e-06,1.8846740755318113e-06,3.2478128299469425e-06,7.604674309358415e-06,2.2963483743512377e-05,3.782640517739811e-06,1.7319161054993278e-06,0.999881426830617,2.104724936148779e-06,2.2199712515452523e-07,5.361175773222471e-05,1.1758006669855398e-05,3.740463157700812e-06,9.576226290526462e-07
2025-11-12 19:35:00,0.6935,88.54390830346445,407.85,127.1,40.18669718350965,60.1,8.653354779455254,128.9,0.135,2.5,0.065,1782.922260322278,67.5,0.4916948902422074,0.0070091832514843,0.0,101,主机过载-预警,101,8,0.9971057052821894,2.6613971119945632e-05,0.0002049885132293768,8.259955987517762e-05,0.00014933594740650728,4.757056564465717e-05,9.26648918537658e-05,0.00010991742323449061,7.28943715558512e-05,0.9971057052821894,7.053169957476036e-05,2.16567291103849e-05,0.0009314889736114361,0.0008906105729324569,0.00015382452108548116,3.9596977576150555e-05
2025-11-12 17:25:00,0.6955,89.79039637738278,405.0,133.7,46.69126666838822,61.145,10.282670032963894,135.0,0.095,5.035,0.05,1815.593640738216,130.1,0.5164898568423235,0.0072445648275277,0.0,101,主机过载-预警,101,8,0.9901745221972637,4.231252715037259e-05,0.00018488975891823052,0.00015377959403024784,7.51272181494114e-05,0.00019733159649549956,0.0012788866208114835,0.00011503756313238128,0.00013547724277754577,0.9901745221972637,0.00013404991114388754,1.0272564025860962e-05,0.005882125660468319,0.001412678234471617,0.00011888163520252033,8.462767595916404e-05
2025-11-12 16:40:00,0.6984999999999999,87.44668950480893,405.7,127.1,43.50165273326703,60.120000000000005,8.535367850000789,127.4,0.05,6.2,0.0349999999999999,1809.0429881555629,135.0,0.4538725458508709,0.0079041306174369,3.499999999689862e-05,101,主机过载-预警,104,11,0.8330634486107397,0.0015162633555285672,0.002741175986512496,0.002447654730784469,0.0016101571460653062,0.06037482261222832,0.003539321080671373,0.0026708590917262644,0.009773387319694519,0.04338758293760341,0.0024856150641770344,0.00038058848107241694,0.8330634486107397,0.030783151166430756,0.0038995411647805953,0.0013264312519848365
2025-11-12 21:10:00,0.699,99.9975024001226,407.1,133.4,66.58779593988214,60.395,13.747360591382083,134.05,0.22,7.925,0.045,1783.3403610249727,227.85,0.495795745541073,0.0101641969630673,5.999999999772854e-05,1,主机过载,1,1,0.9999970708895941,4.583050485544944e-09,0.9999970708895941,2.21909947464922e-08,2.0302538209952755e-09,1.0764275723604818e-07,3.3441647139054096e-08,9.133150347804594e-08,1.2710894066544956e-08,5.711005440671384e-07,1.6979693311552302e-08,3.924268633556312e-09,1.973724775538965e-06,5.6196318038983875e-08,2.1415507851047072e-08,1.183819763464086e-08
2025-11-12 20:55:00,0.6950000000000001,97.88618106773669,408.2,125.3,53.78059030086649,60.32000000000001,10.070714051021136,125.75,0.09,3.275,0.08,1763.4088405706168,49.9,0.4683297962743135,0.0093833755309114,8.500000000566388e-05,1,主机过载,104,11,0.9572837295889727,0.00015614680013518783,0.016544451672490933,0.0004461480490426842,0.0008721378545145419,0.0051755337447395204,0.0005297673542632552,0.006534206329997647,0.00024636457232824594,0.01013707109205828,0.0004280362118671809,0.0003286051989445126,0.9572837295889727,0.00043603817719227683,0.0006645815543494518,0.00021718179910352653
2025-11-12 18:00:00,0.702,100.66346058451546,407.15,129.45,57.3245738111155,60.155,11.078094173892897,129.6,0.135,3.225,0.06,1770.3508370271277,86.1,0.4879625603554657,0.0100289149760077,3.999999999848569e-05,1,主机过载,1,1,0.9999805161009153,1.6673126342817302e-07,0.9999805161009153,3.4645595959665625e-07,1.1214103217648876e-07,4.101223916932876e-06,4.410514743136108e-07,2.6146809950368e-06,1.9452649774428352e-07,3.3850585322535296e-06,3.094031695469783e-07,2.0135027261406466e-07,6.71366312619826e-06,3.5005562386868846e-07,3.252279149349373e-07,2.2232930641014503e-07
2025-11-12 16:30:00,0.6955,97.9385598150324,405.85,125.6,58.14502731881216,60.0,9.299175531696656,123.45,0.125,4.105,0.0649999999999999,1763.438833558103,120.6,0.5012221129952141,0.0099345537471096,0.0,1,主机过载,104,11,0.9175314518169505,0.00015464161492489124,0.04095390628096651,0.0004805411901905947,0.00018629659640345813,0.011139678431187308,0.0006029374611044659,0.014938414798805992,0.00044778165196670313,0.011383431473875641,0.00045207634319781884,0.0004005759313436073,0.9175314518169505,0.00048787941468390753,0.0005297195654942521,0.00031066742890417643
2025-11-12 18:20:00,0.7005,99.21637843150792,407.8,128.4,56.186941901362175,60.05499999999999,10.922967194032555,128.1,0.19,6.435,0.03,1763.9077777521045,187.65,0.4347722722888004,0.0097299023546174,0.0,1,主机过载,1,1,0.9985767991615507,6.5604235127555285e-06,0.9985767991615507,6.3485835904489966e-06,1.1465160140658653e-06,8.048531173425472e-05,8.081318803022958e-06,6.125937128637528e-05,3.7831113599440416e-06,0.00010635048169192941,5.9391428444585654e-06,7.693272616126899e-06,0.0011148369401259163,8.98730559367398e-06,7.71384908994953e-06,4.015210186509543e-06
2025-11-12 17:00:00,0.699,99.1518675378906,405.35,125.6,56.39014156432995,60.16,10.022631639160258,126.0,0.085,6.470000000000001,0.03,1768.7475357477526,53.45,0.5004452861351009,0.0101882639059239,3.499999999689862e-05,1,主机过载,1,1,0.9990021334155454,2.312272889720684e-07,0.9990021334155454,7.899628660380512e-07,5.411734614775234e-07,1.053933635846228e-05,1.029823301684842e-06,8.667402359358801e-06,4.909361568735656e-07,2.0374066413194763e-05,7.360140881718917e-07,6.225451775235622e-07,0.0009516245902632536,7.679040228713821e-07,9.592163164179675e-07,4.923863799471678e-07
2025-11-12 19:20:00,0.6995,100.6055250351824,407.6,133.45,63.54225432491152,60.585,13.31246761572342,132.35,0.2,8.555,0.055,1779.6815386892852,251.2,0.4484419481275369,0.0099392699206344,0.0,1,主机过载,1,1,0.9999282598922686,2.1212784438515458e-07,0.9999282598922686,3.949080994930911e-07,4.3628099457252334e-08,1.1933607221403086e-06,5.109690010701463e-07,1.1852121229318627e-06,2.100513820594139e-07,6.387074494811353e-06,2.908834516209852e-07,9.684831935218517e-08,5.949025342273058e-05,1.1545855445283578e-06,3.6599114950904885e-07,2.0421407726836065e-07
2025-11-12 19:45:00,0.6945,101.09659696269024,407.5,128.25,58.52180530235292,60.46,11.20576645475002,129.0,0.105,4.85,0.045,1781.0782594119487,170.35,0.4431838124956949,0.0095833096144852,6.49999999993156e-05,1,主机过载,1,1,0.9999308172473018,5.912142495959877e-07,0.9999308172473018,1.2834095282694735e-06,1.809272308960667e-07,5.41586140635329e-06,1.4092311910603091e-06,3.394205012717253e-06,6.864073941864313e-07,2.4849305347582958e-05,1.000602068654776e-06,1.0279880272784035e-07,2.641288775426471e-05,1.5337882169938217e-06,1.7081715513530296e-06,6.139429439556679e-07
2025-11-12 17:35:00,0.6925,99.45109755142688,404.85,131.3,66.27287093474503,61.465,11.990437095752426,130.3,0.145,3.19,0.0649999999999999,1796.3268825936325,0.0,0.5252809622654299,0.0093506801963051,7.499999999538431e-05,1,主机过载,1,1,0.9999929482151491,2.747391328717751e-08,0.9999929482151491,1.24536434458424e-07,1.0756065163894535e-07,3.489886456437727e-07,1.654444722983189e-07,9.963428471548238e-07,5.377400773288033e-08,3.980148792352123e-06,9.38913282208257e-08,6.306900793619785e-08,6.128348510490284e-07,3.012370510999482e-07,1.26319062469263e-07,5.016378528757092e-08
2025-11-12 18:55:00,0.6935,97.70771485277638,408.1,125.5,60.16125143556933,60.53,10.931414191409328,128.45,0.105,2.5,0.0349999999999999,1772.4585958850828,120.95,0.5131789222707678,0.009454916286257,4.500000000007276e-05,1,主机过载,1,1,0.6790987567984039,0.0009470983472414815,0.6790987567984039,0.003937414261215532,0.001187834656612541,0.043948049685037675,0.011417511645082637,0.046547290528568486,0.0019073416123052344,0.10493473967155342,0.0037113317593068813,0.0022578910212141465,0.08984069446525682,0.0038680776550646537,0.004486257807393317,0.0019097100857433144
2025-11-12 19:40:00,0.7015,105.01487568888642,407.3,131.9,63.392444229395295,60.485,13.67346687960205,133.9,0.1,4.6850000000000005,0.06,1774.0921458887394,134.85,0.4595656364479977,0.0102191012048702,3.500000000400405e-05,1,主机过载,1,1,0.9999946760015321,3.308211564396973e-08,0.9999946760015321,1.1607594253551056e-07,2.2989380892415004e-08,4.676327653941697e-07,1.793221564938294e-07,1.414452348222737e-06,6.616583506036097e-08,2.4504723065832133e-06,9.739437370395383e-08,7.885129659121828e-09,2.7559296644681227e-08,2.9853798094654715e-07,7.604930593973826e-08,6.63795302848261e-08
2025-11-12 19:15:00,0.6945,99.9961043047744,407.7,126.8,60.05149025633824,60.17,10.681360330773032,127.8,0.1,4.995,0.03,1766.934224864186,135.0,0.4898123678151876,0.0095893140601665,7.000000000090267e-05,1,主机过载,1,1,0.9998920543129495,1.3825922544958557e-07,0.9998920543129495,5.010921935711174e-07,1.190030043861034e-07,6.132725027530835e-06,5.491157991384571e-07,3.6525908070708875e-06,2.6798655002287453e-07,8.93865352798918e-06,3.902687632952482e-07,3.5184162195972736e-07,8.568089104070797e-05,4.407478244341416e-07,5.475909435637797e-07,2.3492072134181563e-07
2025-11-12 18:10:00,0.7005,98.95306223658292,407.15,128.3,57.67605265332798,60.35,11.57655416466234,129.1,0.1699999999999999,8.9,0.055,1773.9124598191927,138.7,0.4863115301738288,0.0101121462423093,2.5000000000829917e-05,1,主机过载,1,1,0.9999909227400674,8.830047734126648e-08,0.9999909227400674,1.723517037553225e-07,3.4716381754126374e-08,1.0327812294531898e-06,1.9551354265975557e-07,1.1537864291345386e-06,8.72628814720567e-08,3.092424000625229e-06,1.3688722024100888e-07,1.023659419079423e-07,2.578863359546415e-06,1.549612435235003e-07,1.520936351351856e-07,9.495188569745547e-08
2025-11-12 20:20:00,0.6990000000000001,101.13774121435056,407.1,133.0,71.14621536457172,60.175,13.708131245205529,136.65,0.195,7.915000000000001,0.08,1770.5991459850898,125.25,0.5000043425058558,0.0099565864527652,5.000000001587068e-06,1,主机过载,1,1,0.9999984934307058,9.223599307812144e-09,0.9999984934307058,3.257432236436033e-08,8.794763433466982e-09,1.215150396144431e-07,5.046389740114846e-08,2.6846042556647204e-07,2.1064992792248303e-08,6.725920868775139e-07,2.7448713695853403e-08,2.454479239538555e-09,2.2652027948069676e-07,3.2086171502869e-08,1.5022445380248237e-08,1.8348077610531013e-08
2025-11-12 19:25:00,0.6950000000000001,97.97188155433156,407.8,128.0,54.687030745621655,60.095000000000006,12.127484619426646,129.9,0.1,4.4,0.055,1764.4201601586635,53.85,0.5117328911825336,0.0095852889993028,4.500000000007276e-05,1,主机过载,1,1,0.7231525889209038,0.0008226440260141001,0.7231525889209038,0.0029615367879233354,0.003527662187879373,0.012724692588023502,0.004187533099025603,0.022341345966043244,0.0018427321385473881,0.07122405721493977,0.0029091032425705484,0.002272179315879142,0.1439594177769623,0.002998667309145809,0.0034064561689808393,0.0016693832571610654
2025-11-12 21:30:00,0.6995,101.16740910147794,407.45,133.7,67.30919009627601,61.25,12.901495447666852,132.55,0.185,11.145,0.09,1774.700753827418,135.0,0.4623823028243009,0.00977898332951,0.0,1,主机过载,1,1,0.9999968721996576,3.1374474676635084e-08,0.9999968721996576,6.319911006948227e-08,1.5415396746757726e-08,1.7468111713399956e-07,6.479780213178871e-08,9.110996040184965e-07,3.130584032258666e-08,1.106608523926066e-06,4.227812269680579e-08,4.507862942615299e-09,4.776433975851348e-07,1.3276489072648894e-07,4.3737850910027055e-08,2.8386348737994732e-08
2025-11-12 20:15:00,0.696,97.49983137154118,407.05,126.65,52.3090145362025,60.220000000000006,9.971904508264606,127.1,0.08,6.385,0.03,1786.286238866548,0.0,0.508975762399109,0.0094925805607846,2.5000000000829917e-05,1,主机过载,104,11,0.9649854436520525,0.00010309006732423389,0.012912662880400196,0.00040796666618377167,0.00039414690940121596,0.0061642668560005645,0.0014224959862501844,0.001093963797552851,0.00025655295795809166,0.010338691360612415,0.0003801143358576893,0.0003445132732732442,0.9649854436520525,0.0003959833121150994,0.000580965906589298,0.00021914203842851498
2025-11-12 16:05:00,0.6945,100.9814823988427,404.3,132.3,69.4728100494595,60.0,13.182832549418132,133.75,0.08,7.205,0.03,1760.8474731401118,135.0,0.4991192284784159,0.0094542749170645,6.49999999993156e-05,1,主机过载,1,1,0.9999976160613686,7.8695365661854e-09,0.9999976160613686,3.425908512564259e-08,1.1944437816742999e-08,1.3677899684529105e-07,5.721391204380002e-08,9.910723514026247e-07,2.5402503465791077e-08,8.499628925125812e-07,2.60191836038498e-08,2.225036129944298e-09,1.7852067338357315e-07,2.8143417804493272e-08,1.792638723466091e-08,1.6600217630378092e-08
2025-11-12 20:50:00,0.7,100.55606226795972,407.65,134.65,67.66113350861171,60.455,14.518664748166834,133.65,0.16,10.63,0.04,1783.4641314919995,202.5,0.4506650148010916,0.0099277211748149,1.4999999997655776e-05,1,主机过载,1,1,0.9999992112465117,9.928914521305686e-09,0.9999992112465117,1.992285872436803e-08,2.2143169409726166e-09,5.306282039905616e-08,6.614435440519405e-08,6.115534997258541e-08,1.1207823129093097e-08,2.975422193570357e-07,1.4654985051188605e-08,8.9821030479602e-09,2.0846188662689193e-07,1.745473062958433e-08,8.16146903432895e-09,9.859656480591964e-09
2025-11-12 21:15:00,0.693,97.77938000195864,407.3,128.1,53.73427327160783,60.295,10.870184639648178,124.7,0.12,2.64,0.06,1792.7622252215128,67.5,0.5085469833672922,0.0096837293927642,0.0,1,主机过载,1,1,0.6126512754619335,0.0005818568057001049,0.6126512754619335,0.0026202324035056834,0.0008506943830523976,0.031531119984006054,0.006688831926930689,0.006908908319387011,0.0016561181703594098,0.06225881709724718,0.0022338563825136117,0.0024095222524181813,0.262454176772158,0.0023751767570612215,0.0034779465654036887,0.0013014667183232052
2025-11-12 18:50:00,0.7015,99.80057338888533,407.15,133.2,65.65835101250374,60.3,13.386997427044982,132.55,0.275,5.385,0.125,1776.0653795171363,67.5,0.4694369232639433,0.0100375742602302,0.0,1,主机过载,1,1,0.9999928768977864,2.8665206265699044e-08,0.9999928768977864,9.957816110173008e-08,1.6240991660995896e-07,2.6572811635204895e-07,1.1752208263024206e-07,2.022439692730493e-06,5.879171382742118e-08,1.186848581877617e-06,6.854875853797013e-08,9.847064145578877e-07,1.7471611247808318e-06,2.6136657064442416e-07,7.320181362899451e-08,4.613405984574328e-08
2025-11-12 17:50:00,0.701,99.41076588900954,406.2,131.7,56.47217221367772,60.30499999999999,11.430577612232767,128.35,0.135,10.425,0.065,1775.6997238690897,174.15,0.4588451839625128,0.0100048227222025,3.999999999848569e-05,1,主机过载,1,1,0.9999734774346728,4.1821128727925426e-07,0.9999734774346728,4.0036121372366146e-07,4.909929162809121e-08,2.320465000331858e-06,4.940904600934171e-07,2.9202637968598598e-06,2.1787320873234272e-07,6.717952566710777e-06,3.46292988812706e-07,6.807297173856254e-07,1.0943921108079997e-05,3.9211070019875483e-07,3.7856368234524347e-07,2.426303050601577e-07
2025-11-12 19:30:00,0.7015,100.22671191561872,407.85,131.15,69.38295616116152,60.33,12.428607593369035,131.45,0.1699999999999999,9.865,0.06,1771.2598771429734,206.25,0.4769418705536593,0.0104165973444269,5.499999999614147e-05,1,主机过载,1,1,0.9999989843636609,3.851236689422876e-09,0.9999989843636609,1.771716865649632e-08,1.4707915800061723e-09,6.176483614142859e-08,1.958327584911359e-08,3.1574725489447727e-07,8.588773986747509e-09,2.5366800683694424e-07,1.3295324471019117e-08,6.205008296588783e-09,2.8680926858546425e-07,1.3008132264131222e-08,5.6693078392462135e-09,8.257953093081632e-09
2025-11-12 17:20:00,0.6990000000000001,99.82001116224708,405.3,129.7,56.86379192164832,60.075,11.8726484668018,128.0,0.1399999999999999,6.16,0.0699999999999999,1760.8455228213384,200.2,0.4488040367137333,0.0102212885576472,4.500000000007276e-05,1,主机过载,1,1,0.9999758438936545,6.183704378482617e-08,0.9999758438936545,1.2358288396984915e-07,1.5049492133258045e-08,6.999762051932571e-07,1.338036936849814e-07,1.6465249360958313e-06,7.664885261972928e-08,3.020322638014404e-06,1.1048140349288105e-07,7.077812780133738e-08,1.785663924529666e-05,1.388333575166338e-07,1.234019112429419e-07,7.822655477129773e-08
2025-11-12 21:05:00,0.696,97.74578129744494,407.6,126.95,51.1182111546762,60.335,11.036932042504125,128.45,0.1,4.26,0.02,1769.8195982457903,67.5,0.4795050190275928,0.0094434982329357,3.999999999848569e-05,1,主机过载,104,11,0.6550696278287428,0.0012345284348944418,0.12621443225210027,0.003702222986795027,0.0016265458699567855,0.04372785035333326,0.010721302236868324,0.028369562702042456,0.003489525777106439,0.10879332603941717,0.0034490128929639055,0.002349701553447492,0.6550696278287428,0.0036383649491791535,0.005686999496317151,0.0019269966268354326
2025-11-12 17:10:00,0.6995,98.97068894222508,405.25,128.0,57.16856887638544,60.5,10.916956421044803,126.45,0.24,4.035,0.1349999999999999,1769.1633925454212,210.6,0.4982536938136662,0.0100586121359419,0.0,1,主机过载,1,1,0.9999444722507502,2.631532499817783e-07,0.9999444722507502,4.830140209647729e-07,9.76695321951345e-08,7.1358390435520205e-06,4.3496668709556573e-07,3.7821880113848026e-06,2.699144223671949e-07,9.57566892145768e-06,3.477211425428033e-07,1.0314130495716782e-06,3.0967365886094e-05,3.9214922035632474e-07,4.881904877632476e-07,2.584955742803914e-07
2025-11-12 21:40:00,0.7,101.37013725930436,407.0,134.65,65.91209113395527,60.395,15.299484684577152,137.25,0.1649999999999999,7.27,0.0849999999999999,1777.996902384294,181.95,0.5285045183533708,0.0097870170595312,5.999999999772854e-05,1,主机过载,1,1,0.9999936395310034,4.4920854907910114e-08,0.9999936395310034,1.4609981951983875e-07,2.536562369037456e-08,4.102552094624137e-07,6.35548695209158e-07,2.5781332079663923e-07,8.825384160660469e-08,2.0314390016391555e-06,1.1542056876379256e-07,1.2014182066503127e-08,1.8689782088250653e-06,5.311782337999909e-07,1.163045269614938e-07,7.68769093549662e-08
2025-11-12 17:05:00,0.6950000000000001,101.18187207991014,404.7,133.25,66.49684388656748,60.73,13.623312715911917,129.5,0.08,7.19,0.025,1778.7035941545528,109.2,0.4420779056263799,0.0097001222807422,6.49999999993156e-05,1,主机过载,1,1,0.9999958377202337,3.757426253459803e-08,0.9999958377202337,7.9410811158978e-08,1.9517146040089774e-08,2.0418362453128933e-07,1.1776249848622977e-07,6.722920233945606e-07,4.8192683484978245e-08,1.7200896408037243e-06,6.387215947209319e-08,7.207873822923717e-09,7.204456762810394e-07,3.083476332094617e-07,1.1946541635544776e-07,4.391831682245321e-08
2025-11-12 18:45:00,0.692,99.97024107938644,407.7,123.15,57.53170430584724,60.095000000000006,9.66508257791322,127.2,0.105,2.815,0.06,1759.1526713808714,94.7,0.4877118889656209,0.0098676394685088,7.999999999697138e-05,1,主机过载,1,1,0.9979462874410479,1.0117661976070087e-06,0.9979462874410479,3.6761190568286044e-06,1.402716837819502e-06,6.378836070901179e-05,3.844694475970161e-06,5.7600602588339305e-05,1.9661769453997314e-06,7.503580180486377e-05,3.0150873801470277e-06,2.7476764457778113e-06,0.0018311989879087004,3.213509211771462e-06,3.4470007827495186e-06,1.7640586070927796e-06
2025-11-12 21:45:00,0.6973684210526315,98.02510418356678,407.42105263157896,124.47368421052632,53.78562800878521,60.0,9.858161966694556,123.73684210526316,0.0789473684210526,3.3368421052631576,0.031578947368421,1757.6915428283728,71.05263157894737,0.449500604479738,0.0098380579957165,0.0,1,主机过载,104,11,0.9584311249731339,0.00013227451584201804,0.010645830444133562,0.00029767758553793177,0.00016649299822188215,0.00444537232378492,0.0003807972297276361,0.016832833055848404,0.00027088752431547183,0.00688525179151441,0.0002919255718057077,0.00037258427596119267,0.9584311249731339,0.00029265797565253726,0.00039118774081702457,0.000163101993703442
2025-11-12 17:25:00,0.6955,99.8028726414958,405.0,133.7,59.3366428869505,61.145,13.040302423004434,135.0,0.095,5.035,0.05,1794.9638287126172,130.1,0.5164898568423235,0.0094144795743986,0.0,1,主机过载,1,1,0.9999457088460533,2.0125360159610925e-07,0.9999457088460533,6.535188221895992e-07,2.689260406447296e-07,2.6286785987555716e-06,1.0889358565448822e-06,5.145437462915562e-07,3.5248271176540044e-07,2.788875429115315e-05,5.523795380529283e-07,7.367350698644151e-07,1.7601034396719325e-05,7.892588441203237e-07,6.465311310436997e-07,3.6812129802598087e-07
2025-11-12 20:10:00,0.6994999999999999,100.90748320788774,407.05,132.15,68.64954570123196,60.34,14.733340316083853,134.25,0.21,8.595,0.095,1760.5667487881356,182.3,0.4835017017911658,0.0101597933363985,7.499999999538431e-05,1,主机过载,1,1,0.9999995965604862,2.3796705653050405e-09,0.9999995965604862,1.0216682937169619e-08,9.963083129804907e-10,3.1964753697635936e-08,3.105493846924928e-08,7.487440936860746e-08,5.012034024562455e-09,1.4177837676851244e-07,6.527711693959545e-09,6.380773706553222e-10,8.374784372488674e-08,6.871920222507352e-09,3.6129305736091215e-09,3.7638558384639615e-09
2025-11-12 20:45:00,0.694,99.87725586486349,407.85,125.95,55.48546201325346,60.495000000000005,9.169277818887204,125.7,0.1,4.2,0.06,1768.1620986933578,135.0,0.4834861900035431,0.0097687393734419,1.0000000003174137e-05,1,主机过载,1,1,0.9943632458871844,2.536144233894521e-06,0.9943632458871844,5.796801976660491e-06,1.4887252731862902e-06,8.120608208611125e-05,6.368458396010385e-06,5.3551437483590095e-05,3.1904555728197187e-06,0.000115428889268804,5.194301457428948e-06,3.7076783114139898e-06,0.005343927179187798,5.188369049412399e-06,5.781333858543954e-06,3.388256659928754e-06
2025-11-12 16:20:00,0.6984999999999999,104.5573454220674,404.55,126.35,56.28345145980169,60.32000000000001,10.612058999233518,128.0,0.105,3.88,0.0649999999999999,1767.9495806331531,139.55,0.495703616985278,0.0102778152701171,5.000000000165983e-05,1,主机过载,1,1,0.9999882181092986,5.5926721338182056e-08,0.9999882181092986,1.8908380929687702e-07,4.6741177742961055e-08,3.3663496702088786e-06,2.4661208244945203e-07,1.6971009155342714e-06,1.1896942056331976e-07,5.275191542048408e-06,1.7656145092311629e-07,1.617589548072665e-08,6.961524148790251e-08,2.0819705219205503e-07,1.917293649670272e-07,1.2363635701267808e-07
2025-11-12 16:40:00,0.6984999999999999,97.05174191561392,405.7,127.1,55.95429603206461,60.120000000000005,10.909119919624944,127.4,0.05,6.2,0.0349999999999999,1788.611620689211,135.0,0.4538725458508709,0.0103892204297016,3.499999999689862e-05,1,主机过载,1,1,0.8799232886050111,0.0003140160130695804,0.8799232886050111,0.0007823941252652941,0.00026153347777436797,0.014878280462981218,0.0026466051820825194,0.0015696481734274298,0.0004922616196105817,0.029994533309170644,0.0007041805599606013,0.000612141987648452,0.0656002069142052,0.0007698010531278425,0.0009481218873420552,0.0005029866293234048
2025-11-12 19:10:00,0.702,101.2952054779313,407.6,131.7,66.16609422881744,60.220000000000006,12.198473734886363,129.6,0.2299999999999999,8.92,0.075,1766.2325569495886,254.6,0.4614463024861367,0.0104181431375293,3.0000000002416986e-05,1,主机过载,1,1,0.999980474396461,2.0783492305114763e-08,0.999980474396461,8.040469548388646e-08,6.744177154698652e-09,3.3909414378653525e-07,8.265606647534366e-08,1.7485524200409285e-06,3.823517780968145e-08,7.209766633461675e-07,6.776149179345933e-08,4.12420024221083e-09,1.613462743835867e-05,1.7575988518763936e-07,6.564066852225714e-08,4.024301843914236e-08
2025-11-12 16:25:00,0.6965,102.31475754428077,405.0,132.4,70.30447045456695,60.525,12.767702367928775,132.9,0.1399999999999999,5.945,0.0699999999999999,1772.3043812642647,138.35,0.4462066540662827,0.0100267265136153,5.000000000165983e-05,1,主机过载,1,1,0.999998760215718,8.333469924335328e-09,0.999998760215718,1.9793235078291238e-08,3.972143604695019e-09,7.016428811323019e-08,2.5375793537468473e-08,5.338280151443636e-07,1.2694913506689882e-08,4.196106354394155e-07,1.6938653556947717e-08,1.6793069700849984e-09,8.24156722781888e-08,2.358903097986304e-08,9.86746491175376e-09,1.1521658703919641e-08
2025-11-12 19:05:00,0.694,104.30855625832524,407.45,127.65,61.54689049501525,60.525,11.464880181467915,128.45,0.055,2.65,0.03,1773.697182897757,49.5,0.4969034034836078,0.0094901621446381,0.0,1,主机过载,1,1,0.9999742422898971,1.2670885795966976e-07,0.9999742422898971,5.056467523891744e-07,3.665973767916957e-07,2.2556372199587033e-06,6.684984435013978e-07,5.966815219501316e-06,2.4759774887767506e-07,1.2977611725943862e-05,4.132939011556885e-07,3.7481014747572096e-08,6.73806554812102e-08,1.2550172656543792e-06,6.205588090569618e-07,2.4886511231102354e-07
2025-11-12 20:30:00,0.7005,100.84319472622194,407.55,136.75,69.35966656541626,61.985,14.900618619942607,134.0,0.1149999999999999,2.5,0.05,1792.4715542834847,14.95,0.5103701192377874,0.0100545276896997,0.0,1,主机过载,1,1,0.9999996649908863,1.8249587017032768e-09,0.9999996649908863,6.359401940694351e-09,2.930892896302813e-09,1.632395967289951e-08,2.3124267765002553e-08,2.593587437326555e-08,3.234555889623451e-09,1.631962471540383e-07,4.5148363802043935e-09,4.6020547047802e-09,7.139495175681489e-08,5.627129913247618e-09,2.767173662673546e-09,3.172808778704873e-09
2025-11-12 18:05:00,0.6950000000000001,101.48129384923725,407.05,134.55,64.08754422814123,61.35,13.786326163450406,133.0,0.1,4.654999999999999,0.025,1796.7581960304806,135.0,0.451015375848485,0.0095941856248522,5.999999999772854e-05,1,主机过载,1,1,0.9999895385093244,7.408767942442114e-08,0.9999895385093244,1.9493407740656798e-07,4.8055004062036306e-08,5.460514923782653e-07,2.8908366684468926e-07,1.0205768772858638e-06,1.1371587566334621e-07,4.723312227451562e-06,1.568597810547128e-07,1.5247178651094756e-08,2.2879985088422477e-06,6.487813753964311e-07,2.3479974215298344e-07,1.0798718885359285e-07
2025-11-12 17:55:00,0.6955,104.53043913851798,406.9,131.0,62.73169220676176,60.54,12.05349667127107,132.3,0.125,6.029999999999999,0.06,1781.996078328866,135.0,0.5216085850184171,0.0096322572305602,0.0,1,主机过载,1,1,0.9999863242208344,7.792828401811991e-08,0.9999863242208344,3.0385021226702797e-07,8.117062949625843e-08,1.384342501080084e-06,4.713458002642652e-07,1.9240807306786366e-06,2.018823523392953e-07,7.4858472488174425e-06,2.9910247778467307e-07,2.360810195953274e-08,5.733453669011976e-08,8.197257007518864e-07,3.6580503588432263e-07,1.7975555344602355e-07
2025-11-12 19:50:00,0.6984999999999999,101.09851915894195,407.35,130.55,66.00300738675317,60.35,12.867399743240169,131.2,0.24,9.26,0.0699999999999999,1763.6573774297965,239.75,0.4489055201845318,0.0102832617600417,0.0,1,主机过载,1,1,0.9999849956360625,2.7440874259335796e-08,0.9999849956360625,7.65160196999112e-08,6.870340893459497e-09,2.6289619135137786e-07,7.956618250781823e-08,1.8920247172976034e-06,4.098675120626739e-08,1.7045160275607646e-06,5.534647670231221e-08,5.394199168828476e-09,1.0576780321236558e-05,1.68214834701126e-07,6.887967162951042e-08,3.8931329109130867e-08
2025-11-12 20:35:00,0.6950000000000001,104.74549677019016,407.6,126.4,53.8602078928308,60.36,9.14018316974432,126.15,0.125,5.0,0.055,1770.6396922316962,202.2,0.5405134767474431,0.0099290887140993,0.0,1,主机过载,1,1,0.9993112997080252,4.740551874154234e-06,0.9993112997080252,1.3085380063269928e-05,1.8199904973328538e-06,0.00022093788473655102,1.4296439108784115e-05,0.00013135524504351154,9.097518265950109e-06,0.00021835639578787094,1.3423996224625555e-05,7.878729810689349e-07,2.6935834027819096e-05,1.2771348734204237e-05,1.4178672832659146e-05,6.913161797080761e-06
2025-11-12 21:35:00,0.694,98.35112072680876,407.1,125.45,53.04388629919501,60.0,10.42683321201189,127.7,0.1,5.0,0.005,1758.168532914539,67.5,0.4421527196390615,0.0101503294810907,3.999999999848569e-05,1,主机过载,1,1,0.997744845590711,8.467537774886647e-07,0.997744845590711,2.0537700502832856e-06,7.745640569117636e-07,2.6600803011975924e-05,2.3769957511775184e-06,3.872813635230099e-05,1.6711967182430704e-06,5.027544096455063e-05,1.7967516385296395e-06,2.180820947720268e-06,0.0021220128476094544,2.6408259808299606e-06,2.1891159433944724e-06,1.006386486305188e-06
2025-11-12 20:25:00,0.696,98.32317852890198,408.05,126.75,51.951165428353214,60.36,10.557021222666984,125.0,0.065,5.115,0.03,1771.0907379352425,0.0,0.4381701853430077,0.0098339348122122,9.50000000017326e-05,1,主机过载,104,11,0.8306961534436024,0.000780540646318359,0.06786215674573155,0.001876751566102536,0.0017826594444575936,0.016748549455200976,0.0023100631153888146,0.028464398509078732,0.00207376778606848,0.03560162431709489,0.0017817776622234898,0.0042190229352575305,0.8306961534436024,0.002459817737680075,0.0025357643917104625,0.000806952244084084
2025-11-12 20:05:00,0.6945,99.2328507793558,407.6,126.15,54.75813569232547,60.260000000000005,10.122350845746093,122.5,0.1,2.195,0.03,1755.0487325105937,5.9,0.4540539899362829,0.0097419132495909,0.0,1,主机过载,1,1,0.9811190102793231,3.3061639038218755e-06,0.9811190102793231,9.012912118625827e-06,7.118137048111703e-06,0.00011975980560705306,1.0249994030721174e-05,0.00033436868467307305,5.069856813126443e-06,0.00017834398241436164,7.902825270045718e-06,1.1588947533815678e-05,0.01816930240385289,7.91545910395982e-06,1.2566117931086884e-05,4.484430376414747e-06
2025-11-12 20:00:00,0.7005,101.05154214529044,407.55,130.75,70.21328176532266,60.435,12.75131335896243,131.95,0.255,5.18,0.105,1761.6471200633862,240.0,0.4669149655637112,0.0100823717923314,4.500000000007276e-05,1,主机过载,1,1,0.9999965393525442,9.6054582926914e-09,0.9999965393525442,2.757212799315579e-08,2.689466014504304e-09,9.881272446711754e-08,2.6878603269362854e-08,9.606654475839291e-07,1.2734939050885451e-08,5.0330189135439e-07,1.8905445320341222e-08,1.604591695967466e-09,1.7548667789860189e-06,2.1974849429589847e-08,8.499069125570888e-09,1.2536063321300274e-08
2025-11-12 20:40:00,0.7005,102.08919102676812,406.45,131.9,67.20366251009635,60.685,14.293223205917306,135.9,0.185,9.78,0.1,1767.933576841633,327.5,0.4550354871311255,0.0101851430833596,8.999999999304009e-05,1,主机过载,1,1,0.9999732435913607,2.0561376582682774e-08,0.9999732435913607,8.267683738830743e-08,5.355779358764626e-09,4.7597553367800255e-07,6.924976200989832e-08,2.745389140212235e-07,2.9440858470862813e-08,9.303264673868958e-07,4.554269795286953e-08,4.142723980517877e-09,2.4567804366931698e-05,1.8235447375070258e-07,4.1635761453555964e-08,2.6803086162557947e-08
2025-11-12 17:30:00,0.7024999999999999,99.74953271449372,405.2,126.8,59.03401620651,60.0,10.949147981952764,127.25,0.2,9.19,0.08,1754.840656789578,135.0,0.4575564077442181,0.0102835131009568,2.5000000000829917e-05,1,主机过载,1,1,0.9999867428768243,1.2946903364403887e-07,0.9999867428768243,2.386906265819467e-07,6.934352580941085e-08,3.3850501648516053e-06,2.6510984758769057e-07,3.1011950243919516e-06,1.7788038865774399e-07,2.4915064641029136e-06,1.8512265401522422e-07,2.172598920924983e-07,2.457591935589751e-06,2.1447586749729523e-07,2.0703876476982605e-07,1.173889862928466e-07
